Iteration,Agent_ID,Average_Reward
1,0,0.00125
1,1,0.004270833333333334
1,2,0.006979166666666667
1,3,0.019270833333333334
1,4,0.002291666666666667
2,0,0.0
2,1,0.0033333333333333335
2,2,0.0008333333333333334
2,3,0.0008333333333333334
2,4,0.0
3,0,0.00020833333333333335
3,1,0.001979166666666667
3,2,0.00020833333333333335
3,3,0.0
3,4,0.0004166666666666667
4,0,0.0
4,1,0.00125
4,2,0.00020833333333333335
4,3,0.0
4,4,0.0004166666666666667
5,0,0.0004166666666666667
5,1,0.000625
5,2,0.0
5,3,0.00020833333333333335
5,4,0.00020833333333333335
6,0,0.00020833333333333335
6,1,0.0004166666666666667
6,2,0.0
6,3,0.0
6,4,0.005625000000000001
7,0,0.0014583333333333332
7,1,0.0022916666666666667
7,2,0.0
7,3,0.0
7,4,0.0013541666666666667
8,0,0.0010416666666666667
8,1,0.0
8,2,0.00020833333333333335
8,3,0.0
8,4,0.0025
9,0,0.0004166666666666667
9,1,0.000625
9,2,0.0
9,3,0.0
9,4,0.001875
10,0,0.00020833333333333335
10,1,0.001875
10,2,0.0010416666666666667
10,3,0.0
10,4,0.0038541666666666668
11,0,0.0
11,1,0.004895833333333333
11,2,0.00375
11,3,0.0004166666666666667
11,4,0.0033333333333333335
12,0,0.0030208333333333337
12,1,0.0010416666666666667
12,2,0.006874999999999999
12,3,0.0
12,4,0.0
13,0,0.0025
13,1,0.0004166666666666667
13,2,0.004791666666666667
13,3,0.0
13,4,0.0062499999999999995
14,0,0.001875
14,1,0.002916666666666667
14,2,0.0004166666666666667
14,3,0.0
14,4,0.0004166666666666667
15,0,0.0021874999999999998
15,1,0.0004166666666666667
15,2,0.0020833333333333333
15,3,0.0008333333333333334
15,4,0.006458333333333333
16,0,0.00020833333333333335
16,1,0.0016666666666666668
16,2,0.0008333333333333334
16,3,0.0027083333333333334
16,4,0.0010416666666666667
17,0,0.0020833333333333333
17,1,0.0027083333333333334
17,2,0.00020833333333333335
17,3,0.0010416666666666667
17,4,0.005104166666666667
18,0,0.00020833333333333335
18,1,0.0010416666666666667
18,2,0.00125
18,3,0.0017708333333333335
18,4,0.0027083333333333334
19,0,0.005937500000000001
19,1,0.0016666666666666668
19,2,0.006666666666666667
19,3,0.0022916666666666662
19,4,0.009479166666666667
20,0,0.00375
20,1,0.0016666666666666668
20,2,0.0004166666666666667
20,3,0.00020833333333333335
20,4,0.0
21,0,0.0025
21,1,0.00125
21,2,0.00125
21,3,0.003645833333333334
21,4,0.0
22,0,0.005520833333333333
22,1,0.003645833333333333
22,2,0.009583333333333334
22,3,0.001979166666666667
22,4,0.0
23,0,0.001979166666666667
23,1,0.0015624999999999999
23,2,0.014895833333333336
23,3,0.00020833333333333335
23,4,0.0
24,0,0.0
24,1,0.0008333333333333334
24,2,0.0010416666666666667
24,3,0.0004166666666666667
24,4,0.0004166666666666667
25,0,0.0
25,1,0.00125
25,2,0.004166666666666667
25,3,0.0
25,4,0.0026041666666666665
26,0,0.0010416666666666667
26,1,0.0013541666666666667
26,2,0.008020833333333333
26,3,0.0032291666666666666
26,4,0.0
27,0,0.0010416666666666667
27,1,0.00125
27,2,0.0096875
27,3,0.005937499999999999
27,4,0.0008333333333333334
28,0,0.0028125000000000003
28,1,0.0
28,2,0.012708333333333334
28,3,0.004270833333333334
28,4,0.0
29,0,0.0028125000000000003
29,1,0.0004166666666666667
29,2,0.003333333333333334
29,3,0.001979166666666667
29,4,0.0008333333333333334
30,0,0.0008333333333333334
30,1,0.00020833333333333335
30,2,0.030833333333333334
30,3,0.0
30,4,0.0032291666666666666
31,0,0.0032291666666666666
31,1,0.003229166666666667
31,2,0.0023958333333333336
31,3,0.0034374999999999996
31,4,0.000625
32,0,0.00125
32,1,0.0010416666666666667
32,2,0.003645833333333333
32,3,0.0010416666666666667
32,4,0.0004166666666666667
33,0,0.005
33,1,0.0014583333333333334
33,2,0.005416666666666667
33,3,0.00375
33,4,0.0004166666666666667
34,0,0.00020833333333333335
34,1,0.00125
34,2,0.0020833333333333333
34,3,0.007291666666666668
34,4,0.000625
35,0,0.0
35,1,0.000625
35,2,0.004270833333333334
35,3,0.004270833333333334
35,4,0.002916666666666667
36,0,0.0016666666666666668
36,1,0.0015624999999999999
36,2,0.016562499999999997
36,3,0.001979166666666667
36,4,0.0014583333333333332
37,0,0.0008333333333333334
37,1,0.0053125
37,2,0.001875
37,3,0.00375
37,4,0.000625
38,0,0.0016666666666666668
38,1,0.0004166666666666667
38,2,0.0015624999999999999
38,3,0.000625
38,4,0.0016666666666666668
39,0,0.0016666666666666668
39,1,0.0017708333333333332
39,2,0.005104166666666667
39,3,0.0010416666666666667
39,4,0.00125
40,0,0.0020833333333333333
40,1,0.0
40,2,0.005625000000000001
40,3,0.0027083333333333334
40,4,0.0016666666666666668
41,0,0.0023958333333333336
41,1,0.0004166666666666667
41,2,0.0
41,3,0.0010416666666666667
41,4,0.0025
42,0,0.0020833333333333333
42,1,0.004166666666666667
42,2,0.0022916666666666667
42,3,0.00125
42,4,0.0015624999999999999
43,0,0.0
43,1,0.002291666666666667
43,2,0.0014583333333333334
43,3,0.0010416666666666667
43,4,0.0017708333333333332
44,0,0.001875
44,1,0.0013541666666666667
44,2,0.000625
44,3,0.0025
44,4,0.0026041666666666665
45,0,0.0014583333333333334
45,1,0.0015624999999999999
45,2,0.012499999999999999
45,3,0.0
45,4,0.0010416666666666667
46,0,0.00125
46,1,0.002916666666666667
46,2,0.00020833333333333335
46,3,0.0
46,4,0.0014583333333333332
47,0,0.00020833333333333335
47,1,0.0016666666666666668
47,2,0.0008333333333333334
47,3,0.0
47,4,0.0004166666666666667
48,0,0.0
48,1,0.0032291666666666666
48,2,0.0013541666666666667
48,3,0.0004166666666666667
48,4,0.0025
49,0,0.0027083333333333334
49,1,0.0022916666666666667
49,2,0.00020833333333333335
49,3,0.0020833333333333333
49,4,0.0028125000000000003
50,0,0.0020833333333333333
50,1,0.0028125000000000003
50,2,0.0011458333333333333
50,3,0.0010416666666666667
50,4,0.003958333333333334
51,0,0.004166666666666667
51,1,0.0015624999999999999
51,2,0.0065625
51,3,0.0
51,4,0.0014583333333333332
52,0,0.0030208333333333333
52,1,0.0004166666666666667
52,2,0.03135416666666666
52,3,0.0011458333333333333
52,4,0.00020833333333333335
53,0,0.0028125000000000003
53,1,0.0004166666666666667
53,2,0.001979166666666667
53,3,0.00125
53,4,0.0013541666666666667
54,0,0.00125
54,1,0.0
54,2,0.0031249999999999997
54,3,0.0
54,4,0.0004166666666666667
55,0,0.00020833333333333335
55,1,0.0016666666666666668
55,2,0.0017708333333333332
55,3,0.00020833333333333335
55,4,0.0
56,0,0.0015624999999999999
56,1,0.0010416666666666667
56,2,0.0008333333333333334
56,3,0.0015624999999999999
56,4,0.0014583333333333334
57,0,0.0026041666666666665
57,1,0.0011458333333333333
57,2,0.0016666666666666668
57,3,0.0
57,4,0.00020833333333333335
58,0,0.00125
58,1,0.00020833333333333335
58,2,0.0027083333333333334
58,3,0.0
58,4,0.0008333333333333334
59,0,0.0034375
59,1,0.0
59,2,0.0014583333333333334
59,3,0.0
59,4,0.0020833333333333333
60,0,0.0010416666666666667
60,1,0.0017708333333333335
60,2,0.0040625
60,3,0.0
60,4,0.0022916666666666667
61,0,0.0015624999999999999
61,1,0.0026041666666666665
61,2,0.0025
61,3,0.0
61,4,0.00020833333333333335
62,0,0.0015624999999999999
62,1,0.0008333333333333334
62,2,0.0020833333333333333
62,3,0.0
62,4,0.0034375
63,0,0.0027083333333333334
63,1,0.00020833333333333335
63,2,0.0008333333333333334
63,3,0.0
63,4,0.0016666666666666668
64,0,0.0028125000000000003
64,1,0.0004166666666666667
64,2,0.0014583333333333334
64,3,0.0
64,4,0.00020833333333333335
65,0,0.003958333333333334
65,1,0.00020833333333333335
65,2,0.001875
65,3,0.0
65,4,0.0008333333333333334
66,0,0.0053125
66,1,0.0017708333333333332
66,2,0.0022916666666666667
66,3,0.0
66,4,0.0014583333333333332
67,0,0.0035416666666666665
67,1,0.003958333333333334
67,2,0.0032291666666666666
67,3,0.0
67,4,0.0015624999999999999
68,0,0.0023958333333333336
68,1,0.002916666666666667
68,2,0.0
68,3,0.0
68,4,0.0030208333333333337
69,0,0.0030208333333333333
69,1,0.0004166666666666667
69,2,0.003541666666666667
69,3,0.0
69,4,0.0026041666666666665
70,0,0.0030208333333333333
70,1,0.0034375
70,2,0.0027083333333333334
70,3,0.0
70,4,0.0017708333333333335
71,0,0.004166666666666667
71,1,0.00125
71,2,0.0
71,3,0.0
71,4,0.001875
72,0,0.0015624999999999999
72,1,0.0
72,2,0.000625
72,3,0.0
72,4,0.00020833333333333335
73,0,0.0033333333333333335
73,1,0.0014583333333333334
73,2,0.0028125000000000003
73,3,0.0
73,4,0.0026041666666666665
74,0,0.0
74,1,0.0022916666666666667
74,2,0.0010416666666666667
74,3,0.0
74,4,0.000625
75,0,0.0004166666666666667
75,1,0.0032291666666666666
75,2,0.00020833333333333335
75,3,0.0
75,4,0.002395833333333333
76,0,0.00020833333333333335
76,1,0.0010416666666666667
76,2,0.0022916666666666667
76,3,0.0
76,4,0.0022916666666666667
77,0,0.00125
77,1,0.0
77,2,0.00020833333333333335
77,3,0.0
77,4,0.0016666666666666668
78,0,0.0
78,1,0.0016666666666666668
78,2,0.0
78,3,0.0
78,4,0.0008333333333333334
79,0,0.005416666666666667
79,1,0.0016666666666666668
79,2,0.0
79,3,0.0
79,4,0.0019791666666666664
80,0,0.0015624999999999999
80,1,0.000625
80,2,0.0
80,3,0.0
80,4,0.00125
81,0,0.0008333333333333334
81,1,0.00020833333333333335
81,2,0.00020833333333333335
81,3,0.0
81,4,0.0025
82,0,0.00020833333333333335
82,1,0.00020833333333333335
82,2,0.0010416666666666667
82,3,0.0
82,4,0.0004166666666666667
83,0,0.0014583333333333332
83,1,0.0011458333333333333
83,2,0.00020833333333333335
83,3,0.00020833333333333335
83,4,0.0020833333333333333
84,0,0.003229166666666667
84,1,0.0034375
84,2,0.0
84,3,0.0
84,4,0.0017708333333333335
85,0,0.0011458333333333333
85,1,0.0028125000000000003
85,2,0.00125
85,3,0.0
85,4,0.00125
86,0,0.0
86,1,0.0027083333333333334
86,2,0.0010416666666666667
86,3,0.0
86,4,0.00125
87,0,0.0
87,1,0.0
87,2,0.0008333333333333334
87,3,0.0
87,4,0.000625
88,0,0.00125
88,1,0.0014583333333333334
88,2,0.0
88,3,0.0
88,4,0.00020833333333333335
89,0,0.000625
89,1,0.0
89,2,0.0010416666666666667
89,3,0.00020833333333333335
89,4,0.0014583333333333334
90,0,0.000625
90,1,0.00125
90,2,0.0015624999999999999
90,3,0.0
90,4,0.004583333333333334
91,0,0.0030208333333333337
91,1,0.0004166666666666667
91,2,0.0008333333333333334
91,3,0.0
91,4,0.00020833333333333335
92,0,0.0019791666666666664
92,1,0.0010416666666666667
92,2,0.0004166666666666667
92,3,0.0
92,4,0.00125
93,0,0.0027083333333333334
93,1,0.0004166666666666667
93,2,0.0008333333333333334
93,3,0.0004166666666666667
93,4,0.0015624999999999999
94,0,0.002916666666666667
94,1,0.0016666666666666668
94,2,0.0004166666666666667
94,3,0.0
94,4,0.0004166666666666667
95,0,0.0
95,1,0.0027083333333333334
95,2,0.000625
95,3,0.0
95,4,0.0016666666666666668
96,0,0.00125
96,1,0.0014583333333333334
96,2,0.0
96,3,0.0
96,4,0.0020833333333333333
97,0,0.0023958333333333336
97,1,0.0028125000000000003
97,2,0.0
97,3,0.00020833333333333335
97,4,0.0030208333333333333
98,0,0.0038541666666666668
98,1,0.0016666666666666663
98,2,0.0
98,3,0.00020833333333333335
98,4,0.0
99,0,0.00020833333333333335
99,1,0.0028125000000000003
99,2,0.0
99,3,0.0
99,4,0.000625
100,0,0.002916666666666667
100,1,0.00020833333333333335
100,2,0.001979166666666667
100,3,0.0
100,4,0.00020833333333333335
101,0,0.0014583333333333334
101,1,0.0010416666666666667
101,2,0.0
101,3,0.00020833333333333335
101,4,0.0010416666666666667
102,0,0.002916666666666667
102,1,0.000625
102,2,0.0021875
102,3,0.0
102,4,0.0015624999999999999
103,0,0.0026041666666666665
103,1,0.0034375
103,2,0.00020833333333333335
103,3,0.0
103,4,0.00020833333333333335
104,0,0.0
104,1,0.0004166666666666667
104,2,0.00125
104,3,0.00020833333333333335
104,4,0.0015624999999999999
105,0,0.0015624999999999999
105,1,0.0014583333333333334
105,2,0.0
105,3,0.0015624999999999999
105,4,0.00020833333333333335
106,0,0.00125
106,1,0.0015624999999999999
106,2,0.0
106,3,0.0
106,4,0.000625
107,0,0.0031249999999999997
107,1,0.004270833333333334
107,2,0.00125
107,3,0.0
107,4,0.0020833333333333333
108,0,0.00020833333333333335
108,1,0.0004166666666666667
108,2,0.00125
108,3,0.0
108,4,0.0010416666666666667
109,0,0.0017708333333333332
109,1,0.0004166666666666667
109,2,0.0
109,3,0.0
109,4,0.002291666666666667
110,0,0.0
110,1,0.0030208333333333337
110,2,0.000625
110,3,0.00020833333333333335
110,4,0.002916666666666667
111,0,0.0014583333333333334
111,1,0.0026041666666666665
111,2,0.0010416666666666667
111,3,0.0
111,4,0.0004166666666666667
112,0,0.000625
112,1,0.00020833333333333335
112,2,0.0
112,3,0.0
112,4,0.00020833333333333335
113,0,0.0032291666666666666
113,1,0.0015624999999999999
113,2,0.00020833333333333335
113,3,0.0
113,4,0.005208333333333333
114,0,0.0008333333333333334
114,1,0.002395833333333333
114,2,0.00020833333333333335
114,3,0.0017708333333333335
114,4,0.0
115,0,0.0016666666666666668
115,1,0.00020833333333333335
115,2,0.0025
115,3,0.0
115,4,0.002916666666666667
116,0,0.0031250000000000006
116,1,0.0014583333333333334
116,2,0.0004166666666666667
116,3,0.0
116,4,0.00020833333333333335
117,0,0.0014583333333333332
117,1,0.0015624999999999999
117,2,0.0
117,3,0.0
117,4,0.0014583333333333332
118,0,0.00125
118,1,0.00020833333333333335
118,2,0.0004166666666666667
118,3,0.0015624999999999999
118,4,0.0031250000000000006
119,0,0.00125
119,1,0.0014583333333333334
119,2,0.0
119,3,0.0
119,4,0.0026041666666666665
120,0,0.0010416666666666667
120,1,0.003958333333333334
120,2,0.00020833333333333335
120,3,0.0
120,4,0.0015624999999999999
121,0,0.00125
121,1,0.0015624999999999999
121,2,0.00020833333333333335
121,3,0.0026041666666666665
121,4,0.0025
122,0,0.004166666666666667
122,1,0.0004166666666666667
122,2,0.0008333333333333334
122,3,0.0010416666666666667
122,4,0.0015624999999999999
123,0,0.000625
123,1,0.0017708333333333332
123,2,0.0043749999999999995
123,3,0.0
123,4,0.0017708333333333335
124,0,0.001979166666666667
124,1,0.0013541666666666667
124,2,0.0022916666666666667
124,3,0.000625
124,4,0.00125
125,0,0.00020833333333333335
125,1,0.005416666666666667
125,2,0.00020833333333333335
125,3,0.0016666666666666668
125,4,0.0010416666666666667
126,0,0.003645833333333333
126,1,0.00125
126,2,0.0011458333333333333
126,3,0.00020833333333333335
126,4,0.00020833333333333335
127,0,0.0
127,1,0.0027083333333333334
127,2,0.0013541666666666667
127,3,0.0021874999999999998
127,4,0.0008333333333333334
128,0,0.0046875
128,1,0.002395833333333333
128,2,0.0
128,3,0.0008333333333333334
128,4,0.002291666666666667
129,0,0.0040625
129,1,0.0018750000000000001
129,2,0.0
129,3,0.0053125
129,4,0.002916666666666667
130,0,0.0014583333333333332
130,1,0.0
130,2,0.00020833333333333335
130,3,0.016666666666666666
130,4,0.00375
131,0,0.003958333333333334
131,1,0.0010416666666666667
131,2,0.0016666666666666668
131,3,0.006041666666666667
131,4,0.00020833333333333335
132,0,0.0033333333333333335
132,1,0.0
132,2,0.0
132,3,0.006666666666666667
132,4,0.0030208333333333337
133,0,0.0028125000000000003
133,1,0.0
133,2,0.004583333333333333
133,3,0.0034375
133,4,0.0015624999999999999
134,0,0.00020833333333333335
134,1,0.0008333333333333334
134,2,0.00020833333333333335
134,3,0.0008333333333333334
134,4,0.001875
135,0,0.00020833333333333335
135,1,0.00020833333333333335
135,2,0.0
135,3,0.0
135,4,0.0017708333333333332
136,0,0.0011458333333333333
136,1,0.00125
136,2,0.0
136,3,0.0004166666666666667
136,4,0.004375
137,0,0.00125
137,1,0.004479166666666667
137,2,0.0004166666666666667
137,3,0.002916666666666667
137,4,0.00125
138,0,0.000625
138,1,0.0014583333333333334
138,2,0.0021874999999999998
138,3,0.0
138,4,0.00125
139,0,0.0022916666666666667
139,1,0.0028125000000000003
139,2,0.0
139,3,0.001875
139,4,0.00125
140,0,0.00020833333333333335
140,1,0.0010416666666666667
140,2,0.0046875
140,3,0.004166666666666667
140,4,0.0014583333333333334
141,0,0.0015624999999999999
141,1,0.00020833333333333335
141,2,0.0
141,3,0.0032291666666666666
141,4,0.00020833333333333335
142,0,0.008333333333333333
142,1,0.0010416666666666667
142,2,0.0
142,3,0.0034375
142,4,0.00125
143,0,0.0
143,1,0.001979166666666667
143,2,0.00125
143,3,0.005729166666666667
143,4,0.003229166666666667
144,0,0.0
144,1,0.0017708333333333332
144,2,0.0011458333333333333
144,3,0.004375
144,4,0.004375
145,0,0.0004166666666666667
145,1,0.00020833333333333335
145,2,0.0
145,3,0.001979166666666667
145,4,0.006458333333333333
146,0,0.0027083333333333334
146,1,0.0
146,2,0.0004166666666666667
146,3,0.003958333333333334
146,4,0.0
147,0,0.0008333333333333334
147,1,0.0004166666666666667
147,2,0.0013541666666666667
147,3,0.0022916666666666667
147,4,0.0023958333333333336
148,0,0.0011458333333333333
148,1,0.0010416666666666667
148,2,0.0
148,3,0.0014583333333333334
148,4,0.002916666666666667
149,0,0.0004166666666666667
149,1,0.00125
149,2,0.000625
149,3,0.006041666666666667
149,4,0.0
150,0,0.0015624999999999999
150,1,0.0027083333333333334
150,2,0.0016666666666666668
150,3,0.0014583333333333334
150,4,0.0011458333333333333
151,0,0.0026041666666666665
151,1,0.0028125000000000003
151,2,0.0
151,3,0.0
151,4,0.0
152,0,0.0026041666666666665
152,1,0.0
152,2,0.004583333333333333
152,3,0.0008333333333333334
152,4,0.0004166666666666667
153,0,0.00020833333333333335
153,1,0.0011458333333333333
153,2,0.0011458333333333333
153,3,0.000625
153,4,0.0015624999999999999
154,0,0.00020833333333333335
154,1,0.002395833333333333
154,2,0.0011458333333333333
154,3,0.0004166666666666667
154,4,0.00125
155,0,0.0021874999999999998
155,1,0.0016666666666666668
155,2,0.00020833333333333335
155,3,0.0008333333333333334
155,4,0.00125
156,0,0.0004166666666666667
156,1,0.000625
156,2,0.0
156,3,0.0025
156,4,0.0026041666666666665
157,0,0.0015624999999999999
157,1,0.0015624999999999999
157,2,0.0017708333333333335
157,3,0.00020833333333333335
157,4,0.0
158,0,0.00125
158,1,0.0
158,2,0.0
158,3,0.0037500000000000003
158,4,0.0008333333333333334
159,0,0.0013541666666666667
159,1,0.00125
159,2,0.0
159,3,0.0038541666666666668
159,4,0.0015624999999999999
160,0,0.000625
160,1,0.0013541666666666667
160,2,0.0
160,3,0.004375
160,4,0.0010416666666666667
161,0,0.0017708333333333332
161,1,0.0014583333333333332
161,2,0.0011458333333333333
161,3,0.0040625
161,4,0.0022916666666666667
162,0,0.0020833333333333333
162,1,0.0015624999999999999
162,2,0.0025
162,3,0.0
162,4,0.0013541666666666667
163,0,0.000625
163,1,0.0
163,2,0.0011458333333333333
163,3,0.0016666666666666668
163,4,0.0010416666666666667
164,0,0.0014583333333333334
164,1,0.0027083333333333334
164,2,0.0008333333333333334
164,3,0.00125
164,4,0.0017708333333333332
165,0,0.0015624999999999999
165,1,0.0004166666666666667
165,2,0.00125
165,3,0.0014583333333333334
165,4,0.0
166,0,0.0008333333333333334
166,1,0.0013541666666666667
166,2,0.0014583333333333334
166,3,0.006666666666666667
166,4,0.0010416666666666667
167,0,0.0013541666666666667
167,1,0.0028124999999999995
167,2,0.0010416666666666667
167,3,0.004270833333333334
167,4,0.0025
168,0,0.00125
168,1,0.002395833333333333
168,2,0.0
168,3,0.004375
168,4,0.0028125000000000003
169,0,0.00020833333333333335
169,1,0.00020833333333333335
169,2,0.00020833333333333335
169,3,0.004270833333333333
169,4,0.0004166666666666667
170,0,0.0
170,1,0.0015624999999999999
170,2,0.00020833333333333335
170,3,0.0043749999999999995
170,4,0.0014583333333333332
171,0,0.00125
171,1,0.0026041666666666665
171,2,0.0010416666666666667
171,3,0.0025
171,4,0.0008333333333333334
172,0,0.0022916666666666667
172,1,0.004270833333333333
172,2,0.00125
172,3,0.006458333333333333
172,4,0.000625
173,0,0.0027083333333333334
173,1,0.0004166666666666667
173,2,0.00020833333333333335
173,3,0.00125
173,4,0.0026041666666666665
174,0,0.0010416666666666667
174,1,0.0004166666666666667
174,2,0.0015624999999999999
174,3,0.000625
174,4,0.0008333333333333334
175,0,0.00020833333333333335
175,1,0.0008333333333333334
175,2,0.0011458333333333333
175,3,0.0040625
175,4,0.00020833333333333335
176,0,0.00020833333333333335
176,1,0.0033333333333333335
176,2,0.000625
176,3,0.0004166666666666667
176,4,0.0010416666666666667
177,0,0.0013541666666666667
177,1,0.0013541666666666667
177,2,0.0011458333333333333
177,3,0.0026041666666666665
177,4,0.0008333333333333334
178,0,0.0014583333333333332
178,1,0.0021875
178,2,0.0011458333333333333
178,3,0.00125
178,4,0.0004166666666666667
179,0,0.0
179,1,0.0022916666666666667
179,2,0.0011458333333333333
179,3,0.005104166666666667
179,4,0.0020833333333333333
180,0,0.0026041666666666665
180,1,0.0010416666666666667
180,2,0.00020833333333333335
180,3,0.0032291666666666666
180,4,0.0013541666666666667
181,0,0.00125
181,1,0.0017708333333333332
181,2,0.0011458333333333333
181,3,0.0038541666666666668
181,4,0.00020833333333333335
182,0,0.003958333333333334
182,1,0.0033333333333333335
182,2,0.001875
182,3,0.0021875
182,4,0.0034375
183,0,0.0
183,1,0.0016666666666666668
183,2,0.0013541666666666667
183,3,0.0008333333333333334
183,4,0.0017708333333333332
184,0,0.003229166666666667
184,1,0.0025
184,2,0.0
184,3,0.0
184,4,0.0010416666666666667
185,0,0.0014583333333333334
185,1,0.00020833333333333335
185,2,0.0013541666666666667
185,3,0.0028125000000000003
185,4,0.0008333333333333334
186,0,0.005208333333333333
186,1,0.0015624999999999999
186,2,0.0015624999999999999
186,3,0.0
186,4,0.00020833333333333335
187,0,0.0025
187,1,0.0022916666666666667
187,2,0.0
187,3,0.0035416666666666665
187,4,0.000625
188,0,0.0004166666666666667
188,1,0.0004166666666666667
188,2,0.003541666666666667
188,3,0.0014583333333333334
188,4,0.000625
189,0,0.0014583333333333334
189,1,0.002916666666666667
189,2,0.0004166666666666667
189,3,0.0
189,4,0.0008333333333333334
190,0,0.0028125000000000003
190,1,0.0015624999999999999
190,2,0.0
190,3,0.00125
190,4,0.0016666666666666668
191,0,0.0040625
191,1,0.000625
191,2,0.0013541666666666667
191,3,0.0011458333333333333
191,4,0.0
192,0,0.00125
192,1,0.007395833333333333
192,2,0.0013541666666666667
192,3,0.0014583333333333334
192,4,0.000625
193,0,0.0014583333333333334
193,1,0.0030208333333333337
193,2,0.002916666666666667
193,3,0.0038541666666666668
193,4,0.000625
194,0,0.0015624999999999999
194,1,0.0015624999999999999
194,2,0.00020833333333333335
194,3,0.0008333333333333334
194,4,0.0028125000000000003
195,0,0.0025
195,1,0.003958333333333334
195,2,0.0022916666666666667
195,3,0.0
195,4,0.0013541666666666667
196,0,0.001875
196,1,0.008645833333333333
196,2,0.0010416666666666667
196,3,0.0
196,4,0.00125
197,0,0.0020833333333333333
197,1,0.010416666666666666
197,2,0.002395833333333333
197,3,0.0
197,4,0.0
198,0,0.0020833333333333333
198,1,0.0010416666666666667
198,2,0.0015624999999999999
198,3,0.0
198,4,0.000625
199,0,0.0004166666666666667
199,1,0.0060416666666666665
199,2,0.0
199,3,0.0
199,4,0.003645833333333334
200,0,0.0014583333333333334
200,1,0.007604166666666666
200,2,0.0004166666666666667
200,3,0.0
200,4,0.00125
201,0,0.0004166666666666667
201,1,0.001875
201,2,0.0022916666666666667
201,3,0.0
201,4,0.0026041666666666665
202,0,0.0027083333333333334
202,1,0.0075
202,2,0.00125
202,3,0.0
202,4,0.0
203,0,0.0011458333333333333
203,1,0.005729166666666667
203,2,0.002395833333333333
203,3,0.0
203,4,0.00020833333333333335
204,0,0.0013541666666666667
204,1,0.0031250000000000006
204,2,0.000625
204,3,0.00020833333333333335
204,4,0.0020833333333333333
205,0,0.00020833333333333335
205,1,0.00125
205,2,0.001979166666666667
205,3,0.0
205,4,0.0014583333333333334
206,0,0.00125
206,1,0.001979166666666667
206,2,0.0025
206,3,0.00020833333333333335
206,4,0.0004166666666666667
207,0,0.0
207,1,0.0015624999999999999
207,2,0.0004166666666666667
207,3,0.00020833333333333335
207,4,0.00020833333333333335
208,0,0.0
208,1,0.0021875
208,2,0.00125
208,3,0.0
208,4,0.0016666666666666668
209,0,0.0004166666666666667
209,1,0.001875
209,2,0.0013541666666666667
209,3,0.00020833333333333335
209,4,0.0014583333333333332
210,0,0.0017708333333333332
210,1,0.0026041666666666665
210,2,0.00020833333333333335
210,3,0.0
210,4,0.0
211,0,0.0010416666666666667
211,1,0.0014583333333333334
211,2,0.0008333333333333334
211,3,0.0
211,4,0.002916666666666667
212,0,0.0030208333333333337
212,1,0.0062499999999999995
212,2,0.0
212,3,0.0
212,4,0.0025
213,0,0.003541666666666667
213,1,0.004895833333333333
213,2,0.0033333333333333335
213,3,0.0
213,4,0.00020833333333333335
214,0,0.0022916666666666667
214,1,0.00125
214,2,0.0017708333333333335
214,3,0.0
214,4,0.00020833333333333335
215,0,0.00375
215,1,0.0018750000000000001
215,2,0.0034375
215,3,0.0
215,4,0.0004166666666666667
216,0,0.0
216,1,0.0014583333333333332
216,2,0.0
216,3,0.0
216,4,0.0022916666666666667
217,0,0.0030208333333333337
217,1,0.0029166666666666664
217,2,0.00020833333333333335
217,3,0.0
217,4,0.0016666666666666668
218,0,0.000625
218,1,0.0008333333333333334
218,2,0.0022916666666666667
218,3,0.0
218,4,0.0021875
219,0,0.0013541666666666667
219,1,0.001979166666666667
219,2,0.0
219,3,0.0
219,4,0.0015624999999999999
220,0,0.000625
220,1,0.001979166666666667
220,2,0.0021874999999999998
220,3,0.0
220,4,0.0010416666666666667
221,0,0.000625
221,1,0.000625
221,2,0.00020833333333333335
221,3,0.0
221,4,0.0014583333333333334
222,0,0.0013541666666666667
222,1,0.0031249999999999997
222,2,0.0022916666666666667
222,3,0.00020833333333333335
222,4,0.0027083333333333334
223,0,0.0
223,1,0.0035416666666666665
223,2,0.0015624999999999999
223,3,0.0
223,4,0.00020833333333333335
224,0,0.00020833333333333335
224,1,0.0025
224,2,0.0028125000000000003
224,3,0.0
224,4,0.0013541666666666667
225,0,0.0
225,1,0.0031249999999999997
225,2,0.0
225,3,0.00020833333333333335
225,4,0.001979166666666667
226,0,0.003958333333333334
226,1,0.001875
226,2,0.00125
226,3,0.0
226,4,0.004895833333333333
227,0,0.0014583333333333334
227,1,0.0004166666666666667
227,2,0.000625
227,3,0.0
227,4,0.0025
228,0,0.00020833333333333335
228,1,0.000625
228,2,0.0030208333333333337
228,3,0.00020833333333333335
228,4,0.004479166666666667
229,0,0.001979166666666667
229,1,0.0017708333333333332
229,2,0.0
229,3,0.0
229,4,0.0017708333333333335
230,0,0.000625
230,1,0.0004166666666666667
230,2,0.00020833333333333335
230,3,0.0
230,4,0.005208333333333333
231,0,0.0014583333333333332
231,1,0.001875
231,2,0.00020833333333333335
231,3,0.0
231,4,0.0028125000000000003
232,0,0.0015624999999999999
232,1,0.001979166666666667
232,2,0.0010416666666666667
232,3,0.0
232,4,0.003958333333333334
233,0,0.0015624999999999999
233,1,0.00020833333333333335
233,2,0.0008333333333333334
233,3,0.0
233,4,0.0017708333333333332
234,0,0.0013541666666666667
234,1,0.000625
234,2,0.000625
234,3,0.0
234,4,0.0016666666666666668
235,0,0.004479166666666667
235,1,0.0
235,2,0.0026041666666666665
235,3,0.0
235,4,0.0
236,0,0.000625
236,1,0.0026041666666666665
236,2,0.0014583333333333334
236,3,0.0
236,4,0.0015624999999999999
237,0,0.000625
237,1,0.0032291666666666666
237,2,0.0025
237,3,0.0
237,4,0.0037500000000000003
238,0,0.0013541666666666667
238,1,0.0026041666666666665
238,2,0.00020833333333333335
238,3,0.0
238,4,0.0004166666666666667
239,0,0.0010416666666666667
239,1,0.001875
239,2,0.00020833333333333335
239,3,0.0
239,4,0.0017708333333333335
240,0,0.002916666666666667
240,1,0.0008333333333333334
240,2,0.0015624999999999999
240,3,0.0
240,4,0.00020833333333333335
241,0,0.00020833333333333335
241,1,0.006250000000000001
241,2,0.006458333333333333
241,3,0.0
241,4,0.0020833333333333333
242,0,0.0015624999999999999
242,1,0.00375
242,2,0.0043749999999999995
242,3,0.0
242,4,0.0026041666666666665
243,0,0.000625
243,1,0.002395833333333333
243,2,0.0
243,3,0.0
243,4,0.000625
244,0,0.0
244,1,0.0025
244,2,0.0
244,3,0.0
244,4,0.00125
245,0,0.00020833333333333335
245,1,0.0022916666666666667
245,2,0.0026041666666666665
245,3,0.0010416666666666667
245,4,0.0020833333333333333
246,0,0.0014583333333333334
246,1,0.00375
246,2,0.00020833333333333335
246,3,0.0
246,4,0.00020833333333333335
247,0,0.0026041666666666665
247,1,0.00125
247,2,0.00020833333333333335
247,3,0.0
247,4,0.0010416666666666667
248,0,0.002916666666666667
248,1,0.0014583333333333334
248,2,0.0004166666666666667
248,3,0.00020833333333333335
248,4,0.00125
249,0,0.0
249,1,0.0013541666666666667
249,2,0.0004166666666666667
249,3,0.0
249,4,0.0031250000000000006
250,0,0.0015624999999999999
250,1,0.0010416666666666667
250,2,0.000625
250,3,0.0
250,4,0.0014583333333333334
251,0,0.0010416666666666667
251,1,0.0053125
251,2,0.0010416666666666667
251,3,0.0
251,4,0.0004166666666666667
252,0,0.0026041666666666665
252,1,0.003541666666666667
252,2,0.0013541666666666667
252,3,0.00020833333333333335
252,4,0.00020833333333333335
253,0,0.00125
253,1,0.003541666666666667
253,2,0.0010416666666666667
253,3,0.0
253,4,0.00020833333333333335
254,0,0.0014583333333333334
254,1,0.005104166666666667
254,2,0.0013541666666666667
254,3,0.0
254,4,0.0008333333333333334
255,0,0.0
255,1,0.0033333333333333335
255,2,0.0013541666666666667
255,3,0.00020833333333333335
255,4,0.0029166666666666664
256,0,0.004270833333333334
256,1,0.005104166666666667
256,2,0.0
256,3,0.0
256,4,0.00125
257,0,0.0028125000000000003
257,1,0.005416666666666667
257,2,0.0004166666666666667
257,3,0.0
257,4,0.00125
258,0,0.0026041666666666665
258,1,0.0
258,2,0.0020833333333333333
258,3,0.0
258,4,0.0013541666666666667
259,0,0.0016666666666666668
259,1,0.0034375
259,2,0.0015624999999999999
259,3,0.0
259,4,0.0010416666666666667
260,0,0.0004166666666666667
260,1,0.0
260,2,0.0027083333333333334
260,3,0.0004166666666666667
260,4,0.0017708333333333332
261,0,0.0015624999999999999
261,1,0.0045833333333333325
261,2,0.0
261,3,0.0010416666666666667
261,4,0.00020833333333333335
262,0,0.0016666666666666668
262,1,0.0022916666666666667
262,2,0.0
262,3,0.0004166666666666667
262,4,0.0004166666666666667
263,0,0.0026041666666666665
263,1,0.007291666666666666
263,2,0.0010416666666666667
263,3,0.0010416666666666667
263,4,0.002916666666666667
264,0,0.0016666666666666668
264,1,0.0032291666666666666
264,2,0.0020833333333333333
264,3,0.0065625
264,4,0.002395833333333333
265,0,0.0
265,1,0.0023958333333333336
265,2,0.0022916666666666667
265,3,0.00020833333333333335
265,4,0.0013541666666666667
266,0,0.003541666666666667
266,1,0.006458333333333333
266,2,0.003541666666666667
266,3,0.005937500000000001
266,4,0.00020833333333333335
267,0,0.00125
267,1,0.00020833333333333335
267,2,0.0
267,3,0.00020833333333333335
267,4,0.0008333333333333334
268,0,0.0020833333333333333
268,1,0.00020833333333333335
268,2,0.0022916666666666667
268,3,0.0825
268,4,0.004166666666666667
269,0,0.0053125
269,1,0.004583333333333333
269,2,0.0027083333333333334
269,3,0.009270833333333334
269,4,0.0015624999999999999
270,0,0.00020833333333333335
270,1,0.0014583333333333334
270,2,0.0010416666666666667
270,3,0.0010416666666666667
270,4,0.0004166666666666667
271,0,0.005208333333333333
271,1,0.0014583333333333332
271,2,0.00125
271,3,0.0
271,4,0.002395833333333333
272,0,0.0015624999999999999
272,1,0.0026041666666666665
272,2,0.00020833333333333335
272,3,0.08333333333333333
272,4,0.0026041666666666665
273,0,0.0021875
273,1,0.0017708333333333335
273,2,0.0035416666666666665
273,3,0.0008333333333333334
273,4,0.0033333333333333335
274,0,0.00020833333333333335
274,1,0.0015624999999999999
274,2,0.00125
274,3,0.003645833333333333
274,4,0.003645833333333333
275,0,0.0004166666666666667
275,1,0.0
275,2,0.0
275,3,0.0038541666666666668
275,4,0.0
276,0,0.0008333333333333334
276,1,0.0025
276,2,0.0
276,3,0.0004166666666666667
276,4,0.00020833333333333335
277,0,0.0015624999999999999
277,1,0.00125
277,2,0.0011458333333333333
277,3,0.003645833333333333
277,4,0.0028125000000000003
278,0,0.0010416666666666667
278,1,0.0
278,2,0.0008333333333333334
278,3,0.001875
278,4,0.0031250000000000006
279,0,0.00125
279,1,0.0014583333333333334
279,2,0.0022916666666666667
279,3,0.00125
279,4,0.003645833333333333
280,0,0.0008333333333333334
280,1,0.0034374999999999996
280,2,0.0013541666666666667
280,3,0.003958333333333334
280,4,0.005
281,0,0.0022916666666666667
281,1,0.0026041666666666665
281,2,0.0013541666666666667
281,3,0.0
281,4,0.00020833333333333335
282,0,0.0031250000000000006
282,1,0.0014583333333333334
282,2,0.00020833333333333335
282,3,0.0
282,4,0.00020833333333333335
283,0,0.0
283,1,0.0025
283,2,0.00125
283,3,0.001875
283,4,0.00020833333333333335
284,0,0.0022916666666666667
284,1,0.0020833333333333333
284,2,0.00020833333333333335
284,3,0.00020833333333333335
284,4,0.0015624999999999999
285,0,0.003958333333333334
285,1,0.0015624999999999999
285,2,0.0014583333333333332
285,3,0.00020833333333333335
285,4,0.00020833333333333335
286,0,0.0014583333333333332
286,1,0.0004166666666666667
286,2,0.0008333333333333334
286,3,0.0010416666666666667
286,4,0.0014583333333333334
287,0,0.0004166666666666667
287,1,0.0028125000000000003
287,2,0.013541666666666667
287,3,0.00020833333333333335
287,4,0.0017708333333333332
288,0,0.000625
288,1,0.004479166666666667
288,2,0.00020833333333333335
288,3,0.0016666666666666668
288,4,0.0014583333333333334
289,0,0.0004166666666666667
289,1,0.00125
289,2,0.0004166666666666667
289,3,0.000625
289,4,0.0022916666666666667
290,0,0.0013541666666666667
290,1,0.00375
290,2,0.0004166666666666667
290,3,0.00125
290,4,0.0008333333333333334
291,0,0.0010416666666666667
291,1,0.001979166666666667
291,2,0.009270833333333334
291,3,0.00125
291,4,0.0
292,0,0.0015624999999999999
292,1,0.003645833333333334
292,2,0.0
292,3,0.0022916666666666667
292,4,0.0
293,0,0.00020833333333333335
293,1,0.00020833333333333335
293,2,0.0028125000000000003
293,3,0.00020833333333333335
293,4,0.0027083333333333334
294,0,0.0015624999999999999
294,1,0.0004166666666666667
294,2,0.0008333333333333334
294,3,0.0008333333333333334
294,4,0.0040625
295,0,0.000625
295,1,0.0004166666666666667
295,2,0.008541666666666666
295,3,0.00020833333333333335
295,4,0.00020833333333333335
296,0,0.001979166666666667
296,1,0.0038541666666666668
296,2,0.00375
296,3,0.0
296,4,0.0020833333333333333
297,0,0.000625
297,1,0.0021875
297,2,0.00125
297,3,0.00020833333333333335
297,4,0.0015624999999999999
298,0,0.0027083333333333334
298,1,0.0030208333333333333
298,2,0.0026041666666666665
298,3,0.0011458333333333333
298,4,0.0
299,0,0.0008333333333333334
299,1,0.002916666666666667
299,2,0.0022916666666666667
299,3,0.0
299,4,0.002916666666666667
300,0,0.0015624999999999999
300,1,0.00125
300,2,0.0004166666666666667
300,3,0.0
300,4,0.0004166666666666667
301,0,0.00020833333333333335
301,1,0.001875
301,2,0.0034374999999999996
301,3,0.0014583333333333332
301,4,0.0004166666666666667
302,0,0.0008333333333333334
302,1,0.0025
302,2,0.0016666666666666663
302,3,0.0010416666666666667
302,4,0.000625
303,0,0.0015624999999999999
303,1,0.0004166666666666667
303,2,0.0017708333333333335
303,3,0.0
303,4,0.0010416666666666667
304,0,0.0014583333333333334
304,1,0.0030208333333333333
304,2,0.00020833333333333335
304,3,0.00020833333333333335
304,4,0.0026041666666666665
305,0,0.0010416666666666667
305,1,0.0010416666666666667
305,2,0.0053125
305,3,0.00125
305,4,0.0004166666666666667
306,0,0.0
306,1,0.0014583333333333332
306,2,0.0
306,3,0.00020833333333333335
306,4,0.0008333333333333334
307,0,0.004895833333333333
307,1,0.0023958333333333336
307,2,0.0025
307,3,0.0
307,4,0.0010416666666666667
308,0,0.0008333333333333334
308,1,0.0008333333333333334
308,2,0.0016666666666666668
308,3,0.00020833333333333335
308,4,0.0010416666666666667
309,0,0.0027083333333333334
309,1,0.0025
309,2,0.001875
309,3,0.0
309,4,0.0010416666666666667
310,0,0.0004166666666666667
310,1,0.0065625
310,2,0.0010416666666666667
310,3,0.00020833333333333335
310,4,0.00125
311,0,0.0004166666666666667
311,1,0.0016666666666666668
311,2,0.00125
311,3,0.0
311,4,0.000625
312,0,0.0030208333333333333
312,1,0.0040625
312,2,0.0004166666666666667
312,3,0.0
312,4,0.0030208333333333337
313,0,0.000625
313,1,0.0031249999999999997
313,2,0.0
313,3,0.0
313,4,0.0008333333333333334
314,0,0.00020833333333333335
314,1,0.0004166666666666667
314,2,0.0021874999999999998
314,3,0.0
314,4,0.00125
315,0,0.0017708333333333332
315,1,0.001875
315,2,0.00020833333333333335
315,3,0.0
315,4,0.0020833333333333333
316,0,0.0021875
316,1,0.0027083333333333334
316,2,0.0043749999999999995
316,3,0.0
316,4,0.0008333333333333334
317,0,0.0010416666666666667
317,1,0.00020833333333333335
317,2,0.0014583333333333334
317,3,0.0
317,4,0.000625
318,0,0.0004166666666666667
318,1,0.004479166666666667
318,2,0.002291666666666667
318,3,0.0004166666666666667
318,4,0.00125
319,0,0.0023958333333333336
319,1,0.005729166666666667
319,2,0.000625
319,3,0.0
319,4,0.0022916666666666667
320,0,0.0026041666666666665
320,1,0.0016666666666666668
320,2,0.0038541666666666668
320,3,0.008229166666666668
320,4,0.0021875
321,0,0.00020833333333333335
321,1,0.0008333333333333334
321,2,0.001875
321,3,0.0084375
321,4,0.0015624999999999999
322,0,0.00020833333333333335
322,1,0.0004166666666666667
322,2,0.0004166666666666667
322,3,0.000625
322,4,0.00125
323,0,0.00020833333333333335
323,1,0.0
323,2,0.002395833333333333
323,3,0.0030208333333333333
323,4,0.0014583333333333332
324,0,0.0021875
324,1,0.004166666666666667
324,2,0.0026041666666666665
324,3,0.0010416666666666667
324,4,0.00020833333333333335
325,0,0.0017708333333333332
325,1,0.005937500000000001
325,2,0.0014583333333333332
325,3,0.0
325,4,0.0014583333333333334
326,0,0.00375
326,1,0.0017708333333333332
326,2,0.00020833333333333335
326,3,0.0
326,4,0.00020833333333333335
327,0,0.001979166666666667
327,1,0.0014583333333333334
327,2,0.0
327,3,0.0
327,4,0.000625
328,0,0.003645833333333333
328,1,0.0034375
328,2,0.000625
328,3,0.0
328,4,0.0025
329,0,0.0010416666666666667
329,1,0.002916666666666667
329,2,0.0
329,3,0.0
329,4,0.0020833333333333333
330,0,0.0026041666666666665
330,1,0.00020833333333333335
330,2,0.00020833333333333335
330,3,0.0
330,4,0.0026041666666666665
331,0,0.0030208333333333337
331,1,0.00020833333333333335
331,2,0.00125
331,3,0.00020833333333333335
331,4,0.0
332,0,0.0013541666666666667
332,1,0.0038541666666666668
332,2,0.0
332,3,0.0
332,4,0.0018750000000000001
333,0,0.0008333333333333334
333,1,0.0014583333333333334
333,2,0.00020833333333333335
333,3,0.00020833333333333335
333,4,0.00020833333333333335
334,0,0.0004166666666666667
334,1,0.004270833333333333
334,2,0.0008333333333333334
334,3,0.0010416666666666667
334,4,0.0032291666666666666
335,0,0.0013541666666666667
335,1,0.0027083333333333334
335,2,0.005416666666666667
335,3,0.00020833333333333335
335,4,0.0014583333333333332
336,0,0.0020833333333333333
336,1,0.0004166666666666667
336,2,0.0004166666666666667
336,3,0.0
336,4,0.00020833333333333335
337,0,0.0008333333333333334
337,1,0.00125
337,2,0.0
337,3,0.0030208333333333333
337,4,0.0
338,0,0.0010416666666666667
338,1,0.0016666666666666668
338,2,0.0013541666666666667
338,3,0.00020833333333333335
338,4,0.0008333333333333334
339,0,0.0011458333333333333
339,1,0.001979166666666667
339,2,0.0013541666666666667
339,3,0.001875
339,4,0.00020833333333333335
340,0,0.0008333333333333334
340,1,0.000625
340,2,0.0
340,3,0.0
340,4,0.0010416666666666667
341,0,0.0017708333333333335
341,1,0.0013541666666666667
341,2,0.0010416666666666667
341,3,0.000625
341,4,0.00375
342,0,0.0004166666666666667
342,1,0.0026041666666666665
342,2,0.0004166666666666667
342,3,0.0
342,4,0.0011458333333333333
343,0,0.0021875
343,1,0.0014583333333333334
343,2,0.00125
343,3,0.008333333333333333
343,4,0.0026041666666666665
344,0,0.0015624999999999999
344,1,0.0030208333333333333
344,2,0.0015624999999999999
344,3,0.0020833333333333333
344,4,0.0
345,0,0.0
345,1,0.0032291666666666666
345,2,0.0
345,3,0.0
345,4,0.0008333333333333334
346,0,0.0018750000000000001
346,1,0.0046875
346,2,0.0004166666666666667
346,3,0.00020833333333333335
346,4,0.00125
347,0,0.000625
347,1,0.00125
347,2,0.0010416666666666667
347,3,0.0
347,4,0.00020833333333333335
348,0,0.00020833333333333335
348,1,0.0027083333333333334
348,2,0.0010416666666666667
348,3,0.0
348,4,0.0014583333333333334
349,0,0.004895833333333334
349,1,0.005833333333333334
349,2,0.00020833333333333335
349,3,0.00020833333333333335
349,4,0.0026041666666666665
350,0,0.0010416666666666667
350,1,0.00375
350,2,0.0004166666666666667
350,3,0.0
350,4,0.0004166666666666667
351,0,0.00020833333333333335
351,1,0.000625
351,2,0.00020833333333333335
351,3,0.00020833333333333335
351,4,0.00020833333333333335
352,0,0.0022916666666666662
352,1,0.0013541666666666667
352,2,0.00020833333333333335
352,3,0.0
352,4,0.0010416666666666667
353,0,0.0015624999999999999
353,1,0.001875
353,2,0.00020833333333333335
353,3,0.0
353,4,0.003958333333333334
354,0,0.00020833333333333335
354,1,0.000625
354,2,0.0010416666666666667
354,3,0.0
354,4,0.0
355,0,0.0016666666666666668
355,1,0.0032291666666666666
355,2,0.0
355,3,0.00020833333333333335
355,4,0.0026041666666666665
356,0,0.0
356,1,0.0016666666666666668
356,2,0.00020833333333333335
356,3,0.0
356,4,0.00020833333333333335
357,0,0.00020833333333333335
357,1,0.0013541666666666667
357,2,0.0
357,3,0.0
357,4,0.004895833333333333
358,0,0.000625
358,1,0.0034375
358,2,0.0010416666666666667
358,3,0.0
358,4,0.0025
359,0,0.0014583333333333334
359,1,0.0026041666666666665
359,2,0.0
359,3,0.00020833333333333335
359,4,0.00125
360,0,0.00020833333333333335
360,1,0.0026041666666666665
360,2,0.001979166666666667
360,3,0.0
360,4,0.000625
361,0,0.0032291666666666666
361,1,0.0053125
361,2,0.0014583333333333334
361,3,0.0
361,4,0.0004166666666666667
362,0,0.000625
362,1,0.0004166666666666667
362,2,0.0014583333333333334
362,3,0.0
362,4,0.00020833333333333335
363,0,0.0028125000000000003
363,1,0.0014583333333333332
363,2,0.0011458333333333333
363,3,0.0
363,4,0.0010416666666666667
364,0,0.0004166666666666667
364,1,0.00125
364,2,0.0
364,3,0.0
364,4,0.0028125000000000003
365,0,0.0010416666666666667
365,1,0.0
365,2,0.0008333333333333334
365,3,0.0
365,4,0.0004166666666666667
366,0,0.0015624999999999999
366,1,0.0026041666666666665
366,2,0.0015624999999999999
366,3,0.000625
366,4,0.00125
367,0,0.00020833333333333335
367,1,0.0053125
367,2,0.00125
367,3,0.000625
367,4,0.0026041666666666665
368,0,0.0010416666666666667
368,1,0.0010416666666666667
368,2,0.0
368,3,0.0
368,4,0.0021874999999999998
369,0,0.0027083333333333334
369,1,0.0038541666666666668
369,2,0.0
369,3,0.0
369,4,0.002395833333333333
370,0,0.0015624999999999999
370,1,0.00020833333333333335
370,2,0.0013541666666666667
370,3,0.00020833333333333335
370,4,0.0023958333333333336
371,0,0.0025
371,1,0.0026041666666666665
371,2,0.0008333333333333334
371,3,0.0
371,4,0.0053125
372,0,0.00020833333333333335
372,1,0.0026041666666666665
372,2,0.0
372,3,0.0015624999999999999
372,4,0.0026041666666666665
373,0,0.005416666666666667
373,1,0.0
373,2,0.002291666666666667
373,3,0.000625
373,4,0.0008333333333333334
374,0,0.0027083333333333334
374,1,0.0004166666666666667
374,2,0.00020833333333333335
374,3,0.0
374,4,0.0
375,0,0.002291666666666667
375,1,0.002916666666666667
375,2,0.001979166666666667
375,3,0.0
375,4,0.000625
376,0,0.0004166666666666667
376,1,0.002291666666666667
376,2,0.0004166666666666667
376,3,0.00125
376,4,0.0021874999999999998
377,0,0.0008333333333333334
377,1,0.0010416666666666667
377,2,0.0
377,3,0.0013541666666666667
377,4,0.0004166666666666667
378,0,0.002395833333333333
378,1,0.0
378,2,0.00020833333333333335
378,3,0.0016666666666666668
378,4,0.0014583333333333334
379,0,0.00125
379,1,0.0015624999999999999
379,2,0.0008333333333333334
379,3,0.0
379,4,0.002916666666666667
380,0,0.0
380,1,0.00125
380,2,0.0014583333333333334
380,3,0.0
380,4,0.00020833333333333335
381,0,0.0004166666666666667
381,1,0.0010416666666666667
381,2,0.0010416666666666667
381,3,0.00020833333333333335
381,4,0.0
382,0,0.00020833333333333335
382,1,0.00125
382,2,0.00020833333333333335
382,3,0.0015624999999999999
382,4,0.0025
383,0,0.0020833333333333333
383,1,0.0010416666666666667
383,2,0.0010416666666666667
383,3,0.0
383,4,0.0026041666666666665
384,0,0.0014583333333333334
384,1,0.0028125000000000003
384,2,0.0
384,3,0.00020833333333333335
384,4,0.0015624999999999999
385,0,0.000625
385,1,0.00125
385,2,0.00020833333333333335
385,3,0.00125
385,4,0.0010416666666666667
386,0,0.003958333333333334
386,1,0.0
386,2,0.0
386,3,0.00020833333333333335
386,4,0.0010416666666666667
387,0,0.0008333333333333334
387,1,0.0
387,2,0.000625
387,3,0.0030208333333333333
387,4,0.0011458333333333333
388,0,0.0008333333333333334
388,1,0.0013541666666666667
388,2,0.0010416666666666667
388,3,0.000625
388,4,0.0008333333333333334
389,0,0.002395833333333333
389,1,0.0033333333333333335
389,2,0.0
389,3,0.0017708333333333332
389,4,0.0010416666666666667
390,0,0.0028125000000000003
390,1,0.0013541666666666667
390,2,0.0
390,3,0.0021874999999999998
390,4,0.0027083333333333334
391,0,0.0010416666666666667
391,1,0.002395833333333333
391,2,0.00020833333333333335
391,3,0.0025
391,4,0.0010416666666666667
392,0,0.0017708333333333332
392,1,0.0010416666666666667
392,2,0.00020833333333333335
392,3,0.0
392,4,0.0011458333333333333
393,0,0.0
393,1,0.0027083333333333334
393,2,0.0026041666666666665
393,3,0.0
393,4,0.0008333333333333334
394,0,0.00375
394,1,0.0010416666666666667
394,2,0.00020833333333333335
394,3,0.000625
394,4,0.0022916666666666667
395,0,0.0022916666666666667
395,1,0.0014583333333333334
395,2,0.0008333333333333334
395,3,0.0015624999999999999
395,4,0.0008333333333333334
396,0,0.0010416666666666667
396,1,0.0038541666666666668
396,2,0.0014583333333333332
396,3,0.001979166666666667
396,4,0.00020833333333333335
397,0,0.0014583333333333332
397,1,0.0008333333333333334
397,2,0.0
397,3,0.0016666666666666668
397,4,0.00125
398,0,0.0031249999999999997
398,1,0.0
398,2,0.00020833333333333335
398,3,0.0030208333333333333
398,4,0.00125
399,0,0.0023958333333333336
399,1,0.00125
399,2,0.0025
399,3,0.0
399,4,0.0
400,0,0.0031250000000000006
400,1,0.0
400,2,0.0011458333333333333
400,3,0.00020833333333333335
400,4,0.0022916666666666667
401,0,0.00125
401,1,0.0025
401,2,0.0
401,3,0.0016666666666666668
401,4,0.0013541666666666667
402,0,0.0026041666666666665
402,1,0.0026041666666666665
402,2,0.0013541666666666667
402,3,0.0022916666666666667
402,4,0.0004166666666666667
403,0,0.0
403,1,0.0017708333333333332
403,2,0.0
403,3,0.0034374999999999996
403,4,0.0022916666666666667
404,0,0.0030208333333333337
404,1,0.0004166666666666667
404,2,0.00020833333333333335
404,3,0.0025
404,4,0.0033333333333333335
405,0,0.0
405,1,0.0033333333333333335
405,2,0.0010416666666666667
405,3,0.0010416666666666667
405,4,0.00125
406,0,0.0004166666666666667
406,1,0.000625
406,2,0.0025
406,3,0.0025
406,4,0.0
407,0,0.0008333333333333334
407,1,0.0014583333333333334
407,2,0.0
407,3,0.005833333333333334
407,4,0.0011458333333333333
408,0,0.0011458333333333333
408,1,0.0025
408,2,0.0004166666666666667
408,3,0.0
408,4,0.0026041666666666665
409,0,0.0032291666666666666
409,1,0.00020833333333333335
409,2,0.0008333333333333334
409,3,0.0
409,4,0.0015624999999999999
410,0,0.0014583333333333334
410,1,0.00375
410,2,0.00020833333333333335
410,3,0.0014583333333333334
410,4,0.0028125000000000003
411,0,0.0016666666666666668
411,1,0.0
411,2,0.000625
411,3,0.0
411,4,0.000625
412,0,0.0
412,1,0.0013541666666666667
412,2,0.0008333333333333334
412,3,0.00020833333333333335
412,4,0.001979166666666667
413,0,0.0026041666666666665
413,1,0.00020833333333333335
413,2,0.00125
413,3,0.002395833333333333
413,4,0.004270833333333334
414,0,0.0020833333333333333
414,1,0.00020833333333333335
414,2,0.000625
414,3,0.0010416666666666667
414,4,0.0021875
415,0,0.0016666666666666668
415,1,0.000625
415,2,0.00020833333333333335
415,3,0.000625
415,4,0.0004166666666666667
416,0,0.0022916666666666667
416,1,0.001875
416,2,0.000625
416,3,0.0004166666666666667
416,4,0.0020833333333333333
417,0,0.0008333333333333334
417,1,0.0008333333333333334
417,2,0.0026041666666666665
417,3,0.0
417,4,0.00020833333333333335
418,0,0.00125
418,1,0.002395833333333333
418,2,0.0
418,3,0.0032291666666666666
418,4,0.0010416666666666667
419,0,0.00125
419,1,0.0031250000000000006
419,2,0.0
419,3,0.0010416666666666667
419,4,0.0
420,0,0.0010416666666666667
420,1,0.0010416666666666667
420,2,0.0
420,3,0.0030208333333333333
420,4,0.0
421,0,0.0014583333333333334
421,1,0.0025
421,2,0.0
421,3,0.0017708333333333332
421,4,0.0004166666666666667
422,0,0.0046875
422,1,0.0030208333333333333
422,2,0.0
422,3,0.0
422,4,0.0
423,0,0.0
423,1,0.0010416666666666667
423,2,0.004791666666666667
423,3,0.0
423,4,0.0027083333333333334
424,0,0.0028125000000000003
424,1,0.000625
424,2,0.005520833333333333
424,3,0.0026041666666666665
424,4,0.0015624999999999999
425,0,0.00125
425,1,0.0030208333333333333
425,2,0.00375
425,3,0.00125
425,4,0.00020833333333333335
426,0,0.00020833333333333335
426,1,0.00125
426,2,0.0
426,3,0.0
426,4,0.0010416666666666667
427,0,0.0021874999999999998
427,1,0.00020833333333333335
427,2,0.0035416666666666665
427,3,0.0045833333333333325
427,4,0.002916666666666667
428,0,0.0013541666666666667
428,1,0.001875
428,2,0.000625
428,3,0.0030208333333333333
428,4,0.0020833333333333333
429,0,0.0023958333333333336
429,1,0.0010416666666666667
429,2,0.0010416666666666667
429,3,0.0030208333333333333
429,4,0.00020833333333333335
430,0,0.0010416666666666667
430,1,0.0008333333333333334
430,2,0.0023958333333333336
430,3,0.0008333333333333334
430,4,0.0008333333333333334
431,0,0.0021874999999999998
431,1,0.0013541666666666667
431,2,0.0
431,3,0.0010416666666666667
431,4,0.00020833333333333335
432,0,0.000625
432,1,0.0022916666666666667
432,2,0.00020833333333333335
432,3,0.0010416666666666667
432,4,0.0008333333333333334
433,0,0.000625
433,1,0.0010416666666666667
433,2,0.0023958333333333336
433,3,0.0010416666666666667
433,4,0.0
434,0,0.0004166666666666667
434,1,0.0021875
434,2,0.000625
434,3,0.0
434,4,0.003541666666666667
435,0,0.0
435,1,0.0021874999999999998
435,2,0.004583333333333333
435,3,0.0
435,4,0.0020833333333333333
436,0,0.0020833333333333333
436,1,0.001979166666666667
436,2,0.00020833333333333335
436,3,0.00020833333333333335
436,4,0.0008333333333333334
437,0,0.0010416666666666667
437,1,0.0010416666666666667
437,2,0.000625
437,3,0.0
437,4,0.0
438,0,0.0004166666666666667
438,1,0.00125
438,2,0.0
438,3,0.0
438,4,0.00020833333333333335
439,0,0.000625
439,1,0.0010416666666666667
439,2,0.001979166666666667
439,3,0.0043749999999999995
439,4,0.0011458333333333333
440,0,0.0017708333333333335
440,1,0.0014583333333333334
440,2,0.006354166666666667
440,3,0.0
440,4,0.00020833333333333335
441,0,0.0004166666666666667
441,1,0.0008333333333333334
441,2,0.00020833333333333335
441,3,0.0
441,4,0.0033333333333333335
442,0,0.0025
442,1,0.0
442,2,0.000625
442,3,0.0
442,4,0.00375
443,0,0.0008333333333333334
443,1,0.0032291666666666666
443,2,0.00020833333333333335
443,3,0.0
443,4,0.0030208333333333337
444,0,0.001979166666666667
444,1,0.0020833333333333333
444,2,0.0
444,3,0.0
444,4,0.0027083333333333334
445,0,0.000625
445,1,0.0013541666666666667
445,2,0.0
445,3,0.00125
445,4,0.0020833333333333333
446,0,0.0017708333333333332
446,1,0.0014583333333333334
446,2,0.0
446,3,0.0014583333333333334
446,4,0.0021875
447,0,0.0021875
447,1,0.0026041666666666665
447,2,0.0027083333333333334
447,3,0.0
447,4,0.00020833333333333335
448,0,0.0010416666666666667
448,1,0.0
448,2,0.00020833333333333335
448,3,0.00020833333333333335
448,4,0.0053125
449,0,0.0027083333333333334
449,1,0.0
449,2,0.0004166666666666667
449,3,0.0
449,4,0.00020833333333333335
450,0,0.0014583333333333332
450,1,0.0014583333333333332
450,2,0.0030208333333333337
450,3,0.0
450,4,0.0008333333333333334
451,0,0.0
451,1,0.00125
451,2,0.0
451,3,0.0
451,4,0.0016666666666666663
452,0,0.00020833333333333335
452,1,0.0011458333333333333
452,2,0.00020833333333333335
452,3,0.00020833333333333335
452,4,0.0004166666666666667
453,0,0.0026041666666666665
453,1,0.0
453,2,0.00020833333333333335
453,3,0.0015624999999999999
453,4,0.0017708333333333332
454,0,0.0033333333333333335
454,1,0.0022916666666666667
454,2,0.00020833333333333335
454,3,0.0
454,4,0.0
455,0,0.0011458333333333333
455,1,0.0016666666666666668
455,2,0.000625
455,3,0.000625
455,4,0.0
456,0,0.001875
456,1,0.0017708333333333332
456,2,0.00020833333333333335
456,3,0.0
456,4,0.0013541666666666667
457,0,0.0023958333333333336
457,1,0.0004166666666666667
457,2,0.0
457,3,0.0053125
457,4,0.0015624999999999999
458,0,0.0023958333333333336
458,1,0.0017708333333333332
458,2,0.0
458,3,0.0
458,4,0.0017708333333333332
459,0,0.0030208333333333333
459,1,0.0038541666666666668
459,2,0.0020833333333333333
459,3,0.0
459,4,0.0008333333333333334
460,0,0.0015624999999999999
460,1,0.0032291666666666666
460,2,0.0008333333333333334
460,3,0.001979166666666667
460,4,0.0014583333333333334
461,0,0.00020833333333333335
461,1,0.0027083333333333334
461,2,0.00020833333333333335
461,3,0.0026041666666666665
461,4,0.0
462,0,0.0008333333333333334
462,1,0.0017708333333333332
462,2,0.00020833333333333335
462,3,0.001875
462,4,0.00020833333333333335
463,0,0.0008333333333333334
463,1,0.0015624999999999999
463,2,0.000625
463,3,0.0
463,4,0.0011458333333333333
464,0,0.0
464,1,0.0026041666666666665
464,2,0.00020833333333333335
464,3,0.0014583333333333334
464,4,0.00020833333333333335
465,0,0.00020833333333333335
465,1,0.0026041666666666665
465,2,0.0014583333333333332
465,3,0.0
465,4,0.0
466,0,0.000625
466,1,0.0031249999999999997
466,2,0.0
466,3,0.0
466,4,0.0
467,0,0.00020833333333333335
467,1,0.000625
467,2,0.0096875
467,3,0.0
467,4,0.0008333333333333334
468,0,0.0010416666666666667
468,1,0.00125
468,2,0.0
468,3,0.003541666666666667
468,4,0.0015624999999999999
469,0,0.004166666666666667
469,1,0.0017708333333333332
469,2,0.0004166666666666667
469,3,0.0030208333333333333
469,4,0.005520833333333333
470,0,0.0
470,1,0.0010416666666666667
470,2,0.0022916666666666667
470,3,0.0014583333333333334
470,4,0.00020833333333333335
471,0,0.0004166666666666667
471,1,0.0016666666666666668
471,2,0.00020833333333333335
471,3,0.0
471,4,0.0008333333333333334
472,0,0.0028125000000000003
472,1,0.00020833333333333335
472,2,0.0014583333333333332
472,3,0.0014583333333333334
472,4,0.0014583333333333332
473,0,0.0031250000000000006
473,1,0.000625
473,2,0.0
473,3,0.0
473,4,0.0031250000000000006
474,0,0.0004166666666666667
474,1,0.0034375
474,2,0.00125
474,3,0.0030208333333333333
474,4,0.00020833333333333335
475,0,0.0008333333333333334
475,1,0.0004166666666666667
475,2,0.00020833333333333335
475,3,0.0
475,4,0.0
476,0,0.0033333333333333335
476,1,0.0015624999999999999
476,2,0.0
476,3,0.0
476,4,0.005208333333333333
477,0,0.0017708333333333332
477,1,0.0010416666666666667
477,2,0.0004166666666666667
477,3,0.0030208333333333333
477,4,0.0016666666666666663
478,0,0.0008333333333333334
478,1,0.0004166666666666667
478,2,0.0020833333333333333
478,3,0.0
478,4,0.0017708333333333332
479,0,0.0
479,1,0.0030208333333333333
479,2,0.0
479,3,0.0
479,4,0.0008333333333333334
480,0,0.0016666666666666668
480,1,0.0013541666666666667
480,2,0.0025
480,3,0.0
480,4,0.00020833333333333335
481,0,0.00020833333333333335
481,1,0.00125
481,2,0.0025
481,3,0.0
481,4,0.00020833333333333335
482,0,0.0027083333333333334
482,1,0.000625
482,2,0.00020833333333333335
482,3,0.00020833333333333335
482,4,0.0
483,0,0.0022916666666666667
483,1,0.00125
483,2,0.0023958333333333336
483,3,0.0
483,4,0.00020833333333333335
484,0,0.0010416666666666667
484,1,0.0022916666666666667
484,2,0.000625
484,3,0.0027083333333333334
484,4,0.00020833333333333335
485,0,0.00020833333333333335
485,1,0.0028125000000000003
485,2,0.0
485,3,0.0030208333333333333
485,4,0.0016666666666666668
486,0,0.003541666666666667
486,1,0.0
486,2,0.0
486,3,0.0030208333333333333
486,4,0.0021875
487,0,0.0015624999999999999
487,1,0.00020833333333333335
487,2,0.000625
487,3,0.0040625
487,4,0.003958333333333334
488,0,0.0004166666666666667
488,1,0.0
488,2,0.0
488,3,0.000625
488,4,0.0022916666666666667
489,0,0.0004166666666666667
489,1,0.00020833333333333335
489,2,0.0
489,3,0.0
489,4,0.0013541666666666667
490,0,0.0008333333333333334
490,1,0.0004166666666666667
490,2,0.0027083333333333334
490,3,0.003541666666666667
490,4,0.0022916666666666667
491,0,0.00125
491,1,0.0025
491,2,0.0017708333333333335
491,3,0.0
491,4,0.00020833333333333335
492,0,0.00020833333333333335
492,1,0.0010416666666666667
492,2,0.0
492,3,0.005104166666666667
492,4,0.000625
493,0,0.00020833333333333335
493,1,0.000625
493,2,0.0017708333333333335
493,3,0.00020833333333333335
493,4,0.0017708333333333332
494,0,0.0008333333333333334
494,1,0.0004166666666666667
494,2,0.0004166666666666667
494,3,0.0
494,4,0.0021875
495,0,0.0016666666666666663
495,1,0.000625
495,2,0.000625
495,3,0.0028125000000000003
495,4,0.0022916666666666667
496,0,0.0027083333333333334
496,1,0.00020833333333333335
496,2,0.0
496,3,0.0030208333333333333
496,4,0.0021874999999999998
497,0,0.005729166666666667
497,1,0.0021874999999999998
497,2,0.0
497,3,0.0004166666666666667
497,4,0.0014583333333333334
498,0,0.00020833333333333335
498,1,0.0034374999999999996
498,2,0.0
498,3,0.0
498,4,0.002916666666666667
499,0,0.0014583333333333332
499,1,0.00125
499,2,0.0004166666666666667
499,3,0.00020833333333333335
499,4,0.0017708333333333335
500,0,0.0004166666666666667
500,1,0.001875
500,2,0.00020833333333333335
500,3,0.0015624999999999999
500,4,0.0004166666666666667
501,0,0.00020833333333333335
501,1,0.0038541666666666668
501,2,0.0
501,3,0.0
501,4,0.0025
502,0,0.00020833333333333335
502,1,0.0015624999999999999
502,2,0.0020833333333333333
502,3,0.0032291666666666666
502,4,0.0025
503,0,0.00125
503,1,0.0004166666666666667
503,2,0.0
503,3,0.002916666666666667
503,4,0.0025
504,0,0.003541666666666667
504,1,0.0008333333333333334
504,2,0.0004166666666666667
504,3,0.0
504,4,0.0
505,0,0.0031250000000000006
505,1,0.0004166666666666667
505,2,0.0
505,3,0.0011458333333333333
505,4,0.0004166666666666667
506,0,0.0013541666666666667
506,1,0.0032291666666666666
506,2,0.00020833333333333335
506,3,0.0
506,4,0.0
507,0,0.0018750000000000001
507,1,0.0017708333333333332
507,2,0.00020833333333333335
507,3,0.0
507,4,0.000625
508,0,0.0014583333333333332
508,1,0.0
508,2,0.0
508,3,0.00125
508,4,0.00020833333333333335
509,0,0.00020833333333333335
509,1,0.0040625
509,2,0.004166666666666667
509,3,0.0
509,4,0.0020833333333333333
510,0,0.0008333333333333334
510,1,0.0014583333333333334
510,2,0.001979166666666667
510,3,0.00020833333333333335
510,4,0.0014583333333333334
511,0,0.0017708333333333332
511,1,0.0014583333333333332
511,2,0.0020833333333333333
511,3,0.0017708333333333332
511,4,0.0034374999999999996
512,0,0.00020833333333333335
512,1,0.00020833333333333335
512,2,0.0
512,3,0.0030208333333333333
512,4,0.0015624999999999999
513,0,0.002916666666666667
513,1,0.0
513,2,0.001979166666666667
513,3,0.0015624999999999999
513,4,0.004166666666666667
514,0,0.0015624999999999999
514,1,0.0015624999999999999
514,2,0.0
514,3,0.0030208333333333333
514,4,0.00020833333333333335
515,0,0.0015624999999999999
515,1,0.0
515,2,0.0
515,3,0.0008333333333333334
515,4,0.000625
516,0,0.0
516,1,0.00125
516,2,0.0
516,3,0.0010416666666666667
516,4,0.000625
517,0,0.0033333333333333335
517,1,0.0014583333333333334
517,2,0.0
517,3,0.00020833333333333335
517,4,0.0017708333333333335
518,0,0.0013541666666666667
518,1,0.002395833333333333
518,2,0.0
518,3,0.0011458333333333333
518,4,0.0017708333333333332
519,0,0.0010416666666666667
519,1,0.0010416666666666667
519,2,0.000625
519,3,0.0021874999999999998
519,4,0.0014583333333333334
520,0,0.0010416666666666667
520,1,0.0011458333333333333
520,2,0.0010416666666666667
520,3,0.004270833333333333
520,4,0.0014583333333333334
521,0,0.0027083333333333334
521,1,0.00125
521,2,0.0
521,3,0.0016666666666666668
521,4,0.0017708333333333332
522,0,0.0014583333333333332
522,1,0.000625
522,2,0.0
522,3,0.0045833333333333325
522,4,0.0015624999999999999
523,0,0.001979166666666667
523,1,0.00020833333333333335
523,2,0.0
523,3,0.0
523,4,0.00375
524,0,0.0015624999999999999
524,1,0.0010416666666666667
524,2,0.0004166666666666667
524,3,0.0
524,4,0.0010416666666666667
525,0,0.0033333333333333335
525,1,0.00125
525,2,0.001875
525,3,0.0
525,4,0.00125
526,0,0.00125
526,1,0.0026041666666666665
526,2,0.0020833333333333333
526,3,0.005937500000000001
526,4,0.0
527,0,0.0016666666666666663
527,1,0.000625
527,2,0.004583333333333333
527,3,0.0
527,4,0.00020833333333333335
528,0,0.0
528,1,0.00125
528,2,0.008229166666666668
528,3,0.002395833333333333
528,4,0.0
529,0,0.00020833333333333335
529,1,0.0004166666666666667
529,2,0.00125
529,3,0.0010416666666666667
529,4,0.0010416666666666667
530,0,0.0013541666666666667
530,1,0.0008333333333333334
530,2,0.003958333333333334
530,3,0.0
530,4,0.0016666666666666663
531,0,0.0021875
531,1,0.0020833333333333333
531,2,0.000625
531,3,0.0038541666666666668
531,4,0.0027083333333333334
532,0,0.0014583333333333332
532,1,0.0013541666666666667
532,2,0.0
532,3,0.0
532,4,0.0010416666666666667
533,0,0.0004166666666666667
533,1,0.0
533,2,0.0
533,3,0.0004166666666666667
533,4,0.001979166666666667
534,0,0.0016666666666666668
534,1,0.00020833333333333335
534,2,0.0
534,3,0.0
534,4,0.0021875
535,0,0.00020833333333333335
535,1,0.0015624999999999999
535,2,0.0
535,3,0.0
535,4,0.0025
536,0,0.0021875
536,1,0.001875
536,2,0.0
536,3,0.00125
536,4,0.001875
537,0,0.002916666666666667
537,1,0.0015624999999999999
537,2,0.0
537,3,0.0
537,4,0.0010416666666666667
538,0,0.0022916666666666667
538,1,0.0013541666666666667
538,2,0.0
538,3,0.00125
538,4,0.0
539,0,0.0017708333333333332
539,1,0.0016666666666666668
539,2,0.0
539,3,0.0028125000000000003
539,4,0.00020833333333333335
540,0,0.000625
540,1,0.00020833333333333335
540,2,0.0
540,3,0.0008333333333333334
540,4,0.0027083333333333334
541,0,0.0017708333333333332
541,1,0.001979166666666667
541,2,0.0
541,3,0.00125
541,4,0.0026041666666666665
542,0,0.000625
542,1,0.0030208333333333333
542,2,0.0
542,3,0.0
542,4,0.0
543,0,0.0040625
543,1,0.00020833333333333335
543,2,0.0
543,3,0.0062499999999999995
543,4,0.000625
544,0,0.0046875
544,1,0.0004166666666666667
544,2,0.0
544,3,0.000625
544,4,0.0011458333333333333
545,0,0.000625
545,1,0.0013541666666666667
545,2,0.0
545,3,0.00020833333333333335
545,4,0.0
546,0,0.000625
546,1,0.0025
546,2,0.0
546,3,0.0011458333333333333
546,4,0.0004166666666666667
547,0,0.0040625
547,1,0.0008333333333333334
547,2,0.0
547,3,0.0030208333333333333
547,4,0.0028125000000000003
548,0,0.0046875
548,1,0.0016666666666666668
548,2,0.00020833333333333335
548,3,0.003541666666666667
548,4,0.0017708333333333332
549,0,0.0014583333333333334
549,1,0.0
549,2,0.0
549,3,0.0
549,4,0.0004166666666666667
550,0,0.00125
550,1,0.000625
550,2,0.00020833333333333335
550,3,0.0
550,4,0.00020833333333333335
551,0,0.0008333333333333334
551,1,0.0
551,2,0.00020833333333333335
551,3,0.0084375
551,4,0.0025
552,0,0.0026041666666666665
552,1,0.000625
552,2,0.0
552,3,0.0013541666666666667
552,4,0.0020833333333333333
553,0,0.04333333333333333
553,1,0.0004166666666666667
553,2,0.00020833333333333335
553,3,0.003645833333333333
553,4,0.0021875
554,0,0.034583333333333334
554,1,0.002395833333333333
554,2,0.0
554,3,0.004479166666666667
554,4,0.0008333333333333334
555,0,0.00020833333333333335
555,1,0.0
555,2,0.0
555,3,0.0015624999999999999
555,4,0.0008333333333333334
556,0,0.0010416666666666667
556,1,0.0026041666666666665
556,2,0.0
556,3,0.0032291666666666666
556,4,0.0014583333333333334
557,0,0.0
557,1,0.0032291666666666666
557,2,0.0
557,3,0.0021874999999999998
557,4,0.00020833333333333335
558,0,0.00020833333333333335
558,1,0.001979166666666667
558,2,0.00020833333333333335
558,3,0.004895833333333334
558,4,0.0018750000000000001
559,0,0.00020833333333333335
559,1,0.000625
559,2,0.0
559,3,0.00020833333333333335
559,4,0.00125
560,0,0.0
560,1,0.000625
560,2,0.0
560,3,0.0016666666666666668
560,4,0.0021875
561,0,0.0023958333333333336
561,1,0.00020833333333333335
561,2,0.0
561,3,0.005208333333333333
561,4,0.0031249999999999997
562,0,0.0004166666666666667
562,1,0.0008333333333333334
562,2,0.0
562,3,0.0015624999999999999
562,4,0.0017708333333333332
563,0,0.02552083333333333
563,1,0.0026041666666666665
563,2,0.00020833333333333335
563,3,0.0017708333333333332
563,4,0.0
564,0,0.0
564,1,0.00020833333333333335
564,2,0.0
564,3,0.0034374999999999996
564,4,0.0018750000000000001
565,0,0.005625000000000001
565,1,0.0053125
565,2,0.0
565,3,0.0
565,4,0.00020833333333333335
566,0,0.021875000000000002
566,1,0.0015624999999999999
566,2,0.0
566,3,0.001979166666666667
566,4,0.0015624999999999999
567,0,0.001979166666666667
567,1,0.00020833333333333335
567,2,0.0
567,3,0.0030208333333333337
567,4,0.0
568,0,0.0
568,1,0.0004166666666666667
568,2,0.00020833333333333335
568,3,0.004791666666666667
568,4,0.000625
569,0,0.0
569,1,0.0
569,2,0.0
569,3,0.0030208333333333333
569,4,0.003645833333333333
570,0,0.0
570,1,0.0028125000000000003
570,2,0.0
570,3,0.0017708333333333332
570,4,0.0
571,0,0.00020833333333333335
571,1,0.000625
571,2,0.0
571,3,0.00125
571,4,0.00125
572,0,0.0014583333333333334
572,1,0.0013541666666666667
572,2,0.0
572,3,0.0033333333333333335
572,4,0.0027083333333333334
573,0,0.0008333333333333334
573,1,0.000625
573,2,0.0
573,3,0.004895833333333333
573,4,0.0004166666666666667
574,0,0.0008333333333333334
574,1,0.0015624999999999999
574,2,0.0
574,3,0.0004166666666666667
574,4,0.0
575,0,0.00125
575,1,0.0013541666666666667
575,2,0.0
575,3,0.001979166666666667
575,4,0.0004166666666666667
576,0,0.008229166666666668
576,1,0.00020833333333333335
576,2,0.0
576,3,0.002916666666666667
576,4,0.0027083333333333334
577,0,0.0
577,1,0.0018750000000000001
577,2,0.0
577,3,0.0032291666666666666
577,4,0.00125
578,0,0.00020833333333333335
578,1,0.002395833333333333
578,2,0.0
578,3,0.003645833333333333
578,4,0.0015624999999999999
579,0,0.00125
579,1,0.0017708333333333335
579,2,0.0
579,3,0.0016666666666666668
579,4,0.001979166666666667
580,0,0.0
580,1,0.0018750000000000001
580,2,0.00020833333333333335
580,3,0.0020833333333333333
580,4,0.0
581,0,0.0
581,1,0.0004166666666666667
581,2,0.0
581,3,0.0015624999999999999
581,4,0.0026041666666666665
582,0,0.000625
582,1,0.000625
582,2,0.0
582,3,0.004895833333333333
582,4,0.0
583,0,0.0008333333333333334
583,1,0.0008333333333333334
583,2,0.0
583,3,0.0040625
583,4,0.0015624999999999999
584,0,0.0008333333333333334
584,1,0.0013541666666666667
584,2,0.0
584,3,0.0
584,4,0.00020833333333333335
585,0,0.00125
585,1,0.0014583333333333332
585,2,0.00020833333333333335
585,3,0.003645833333333333
585,4,0.0004166666666666667
586,0,0.0
586,1,0.00020833333333333335
586,2,0.00020833333333333335
586,3,0.0030208333333333333
586,4,0.0015624999999999999
587,0,0.0020833333333333333
587,1,0.0004166666666666667
587,2,0.0004166666666666667
587,3,0.009375
587,4,0.0014583333333333334
588,0,0.0
588,1,0.0026041666666666665
588,2,0.0
588,3,0.00020833333333333335
588,4,0.002916666666666667
589,0,0.000625
589,1,0.0004166666666666667
589,2,0.0
589,3,0.0030208333333333333
589,4,0.000625
590,0,0.0025
590,1,0.0016666666666666668
590,2,0.0
590,3,0.0031249999999999997
590,4,0.0027083333333333334
591,0,0.0008333333333333334
591,1,0.0028125000000000003
591,2,0.0
591,3,0.004791666666666666
591,4,0.0
592,0,0.0014583333333333334
592,1,0.0014583333333333334
592,2,0.0
592,3,0.0030208333333333333
592,4,0.0040625
593,0,0.0
593,1,0.0026041666666666665
593,2,0.0
593,3,0.001979166666666667
593,4,0.0017708333333333332
594,0,0.0
594,1,0.0010416666666666667
594,2,0.0
594,3,0.0020833333333333333
594,4,0.0022916666666666667
595,0,0.00020833333333333335
595,1,0.0017708333333333332
595,2,0.0
595,3,0.00125
595,4,0.0015624999999999999
596,0,0.000625
596,1,0.003958333333333334
596,2,0.0
596,3,0.0030208333333333333
596,4,0.0008333333333333334
597,0,0.0004166666666666667
597,1,0.0028125000000000003
597,2,0.0
597,3,0.004791666666666667
597,4,0.0
598,0,0.00020833333333333335
598,1,0.0
598,2,0.0
598,3,0.0030208333333333333
598,4,0.001979166666666667
599,0,0.0
599,1,0.00125
599,2,0.00020833333333333335
599,3,0.0014583333333333334
599,4,0.0010416666666666667
600,0,0.0004166666666666667
600,1,0.0004166666666666667
600,2,0.0
600,3,0.0077083333333333335
600,4,0.00020833333333333335
601,0,0.000625
601,1,0.00020833333333333335
601,2,0.0
601,3,0.0
601,4,0.00020833333333333335
602,0,0.0016666666666666668
602,1,0.000625
602,2,0.0
602,3,0.0030208333333333333
602,4,0.000625
603,0,0.0
603,1,0.0010416666666666667
603,2,0.0
603,3,0.0020833333333333333
603,4,0.0014583333333333332
604,0,0.000625
604,1,0.0
604,2,0.0
604,3,0.003541666666666667
604,4,0.00020833333333333335
605,0,0.0004166666666666667
605,1,0.00020833333333333335
605,2,0.0
605,3,0.000625
605,4,0.00375
606,0,0.000625
606,1,0.0028125000000000003
606,2,0.0
606,3,0.0045833333333333325
606,4,0.002916666666666667
607,0,0.0
607,1,0.0010416666666666667
607,2,0.0
607,3,0.007604166666666666
607,4,0.00020833333333333335
608,0,0.00020833333333333335
608,1,0.0027083333333333334
608,2,0.0
608,3,0.0030208333333333333
608,4,0.0
609,0,0.00020833333333333335
609,1,0.005208333333333333
609,2,0.0
609,3,0.0032291666666666666
609,4,0.0
610,0,0.00020833333333333335
610,1,0.0026041666666666665
610,2,0.0
610,3,0.0021874999999999998
610,4,0.0046875
611,0,0.0008333333333333334
611,1,0.0004166666666666667
611,2,0.0
611,3,0.0030208333333333333
611,4,0.0004166666666666667
612,0,0.0004166666666666667
612,1,0.0004166666666666667
612,2,0.0
612,3,0.0030208333333333333
612,4,0.0
613,0,0.0008333333333333334
613,1,0.0014583333333333332
613,2,0.0
613,3,0.0
613,4,0.0
614,0,0.0010416666666666667
614,1,0.0013541666666666667
614,2,0.0
614,3,0.0045833333333333325
614,4,0.0017708333333333332
615,0,0.00020833333333333335
615,1,0.0015624999999999999
615,2,0.0
615,3,0.005625000000000001
615,4,0.0015624999999999999
616,0,0.0016666666666666668
616,1,0.004583333333333334
616,2,0.0
616,3,0.0030208333333333333
616,4,0.004895833333333333
617,0,0.0010416666666666667
617,1,0.004166666666666667
617,2,0.0
617,3,0.007395833333333333
617,4,0.0
618,0,0.0
618,1,0.0038541666666666668
618,2,0.0
618,3,0.0032291666666666666
618,4,0.0011458333333333333
619,0,0.00020833333333333335
619,1,0.0011458333333333333
619,2,0.0
619,3,0.0045833333333333325
619,4,0.0026041666666666665
620,0,0.0004166666666666667
620,1,0.0017708333333333332
620,2,0.0
620,3,0.0045833333333333325
620,4,0.00125
621,0,0.0
621,1,0.0004166666666666667
621,2,0.0
621,3,0.0027083333333333334
621,4,0.0026041666666666665
622,0,0.0004166666666666667
622,1,0.006458333333333333
622,2,0.00020833333333333335
622,3,0.004270833333333333
622,4,0.001875
623,0,0.0
623,1,0.0015624999999999999
623,2,0.0
623,3,0.0022916666666666667
623,4,0.0013541666666666667
624,0,0.0
624,1,0.000625
624,2,0.00020833333333333335
624,3,0.0034374999999999996
624,4,0.0004166666666666667
625,0,0.00125
625,1,0.0016666666666666668
625,2,0.0
625,3,0.0030208333333333333
625,4,0.0025
626,0,0.0008333333333333334
626,1,0.00020833333333333335
626,2,0.0
626,3,0.0
626,4,0.0
627,0,0.0004166666666666667
627,1,0.0021875
627,2,0.0
627,3,0.0037500000000000003
627,4,0.00020833333333333335
628,0,0.0
628,1,0.00020833333333333335
628,2,0.0
628,3,0.0030208333333333333
628,4,0.00125
629,0,0.0
629,1,0.0030208333333333337
629,2,0.00020833333333333335
629,3,0.0030208333333333333
629,4,0.0
630,0,0.0004166666666666667
630,1,0.0
630,2,0.0
630,3,0.004479166666666667
630,4,0.00020833333333333335
631,0,0.0
631,1,0.0022916666666666667
631,2,0.0
631,3,0.0060416666666666665
631,4,0.00020833333333333335
632,0,0.0017708333333333335
632,1,0.0004166666666666667
632,2,0.0
632,3,0.0015624999999999999
632,4,0.0025
633,0,0.0
633,1,0.0
633,2,0.0
633,3,0.003645833333333333
633,4,0.0
634,0,0.00125
634,1,0.000625
634,2,0.0
634,3,0.003854166666666667
634,4,0.0008333333333333334
635,0,0.0
635,1,0.0028125000000000003
635,2,0.0
635,3,0.0014583333333333334
635,4,0.0004166666666666667
636,0,0.0
636,1,0.0011458333333333333
636,2,0.0
636,3,0.0038541666666666668
636,4,0.0004166666666666667
637,0,0.0
637,1,0.000625
637,2,0.0
637,3,0.00020833333333333335
637,4,0.000625
638,0,0.00020833333333333335
638,1,0.0020833333333333333
638,2,0.0
638,3,0.0014583333333333334
638,4,0.0015624999999999999
639,0,0.000625
639,1,0.0020833333333333333
639,2,0.0
639,3,0.00125
639,4,0.0004166666666666667
640,0,0.0004166666666666667
640,1,0.0015624999999999999
640,2,0.0
640,3,0.00020833333333333335
640,4,0.0017708333333333332
641,0,0.00020833333333333335
641,1,0.001979166666666667
641,2,0.0
641,3,0.00020833333333333335
641,4,0.0
642,0,0.0008333333333333334
642,1,0.0031249999999999997
642,2,0.0
642,3,0.0016666666666666663
642,4,0.0020833333333333333
643,0,0.0
643,1,0.003645833333333333
643,2,0.0
643,3,0.0015624999999999999
643,4,0.001875
644,0,0.0022916666666666667
644,1,0.0
644,2,0.0
644,3,0.000625
644,4,0.0008333333333333334
645,0,0.000625
645,1,0.0053125
645,2,0.0
645,3,0.000625
645,4,0.0008333333333333334
646,0,0.00020833333333333335
646,1,0.0028125000000000003
646,2,0.0
646,3,0.0
646,4,0.0031249999999999997
647,0,0.0
647,1,0.0013541666666666667
647,2,0.0
647,3,0.0014583333333333332
647,4,0.001979166666666667
648,0,0.0
648,1,0.002916666666666667
648,2,0.00020833333333333335
648,3,0.0016666666666666668
648,4,0.0028125000000000003
649,0,0.0010416666666666667
649,1,0.0028125000000000003
649,2,0.0
649,3,0.0010416666666666667
649,4,0.0008333333333333334
650,0,0.0
650,1,0.003645833333333333
650,2,0.0
650,3,0.0033333333333333335
650,4,0.0
651,0,0.0020833333333333333
651,1,0.0032291666666666666
651,2,0.0
651,3,0.0010416666666666667
651,4,0.0004166666666666667
652,0,0.000625
652,1,0.0004166666666666667
652,2,0.0
652,3,0.0022916666666666667
652,4,0.00375
653,0,0.0
653,1,0.005937500000000001
653,2,0.0
653,3,0.0020833333333333333
653,4,0.0
654,0,0.0
654,1,0.00125
654,2,0.0
654,3,0.000625
654,4,0.00125
655,0,0.0
655,1,0.000625
655,2,0.0
655,3,0.0
655,4,0.00020833333333333335
656,0,0.0004166666666666667
656,1,0.0020833333333333333
656,2,0.0
656,3,0.0016666666666666668
656,4,0.002395833333333333
657,0,0.00125
657,1,0.000625
657,2,0.0
657,3,0.00020833333333333335
657,4,0.000625
658,0,0.0
658,1,0.00125
658,2,0.0
658,3,0.0014583333333333334
658,4,0.0015624999999999999
659,0,0.000625
659,1,0.0023958333333333336
659,2,0.0
659,3,0.0016666666666666668
659,4,0.0008333333333333334
660,0,0.0
660,1,0.005208333333333333
660,2,0.0
660,3,0.0015624999999999999
660,4,0.0028125000000000003
661,0,0.0
661,1,0.002916666666666667
661,2,0.0
661,3,0.00125
661,4,0.000625
662,0,0.0
662,1,0.004375
662,2,0.0
662,3,0.0027083333333333334
662,4,0.000625
663,0,0.0
663,1,0.0020833333333333333
663,2,0.0
663,3,0.003229166666666667
663,4,0.0004166666666666667
664,0,0.0027083333333333334
664,1,0.0028125000000000003
664,2,0.0
664,3,0.0010416666666666667
664,4,0.003645833333333333
665,0,0.0020833333333333333
665,1,0.0020833333333333333
665,2,0.0
665,3,0.0020833333333333333
665,4,0.0030208333333333337
666,0,0.000625
666,1,0.002395833333333333
666,2,0.0
666,3,0.0
666,4,0.0013541666666666667
667,0,0.0
667,1,0.0020833333333333333
667,2,0.0
667,3,0.0
667,4,0.0016666666666666668
668,0,0.0
668,1,0.0014583333333333332
668,2,0.0
668,3,0.0013541666666666667
668,4,0.0010416666666666667
669,0,0.0
669,1,0.0004166666666666667
669,2,0.0
669,3,0.00020833333333333335
669,4,0.0010416666666666667
670,0,0.0011458333333333333
670,1,0.000625
670,2,0.0
670,3,0.0015624999999999999
670,4,0.00020833333333333335
671,0,0.0
671,1,0.0013541666666666667
671,2,0.0
671,3,0.0014583333333333332
671,4,0.0021875
672,0,0.0
672,1,0.00125
672,2,0.0
672,3,0.0
672,4,0.0004166666666666667
673,0,0.0014583333333333334
673,1,0.0030208333333333337
673,2,0.0
673,3,0.00020833333333333335
673,4,0.0004166666666666667
674,0,0.0
674,1,0.001979166666666667
674,2,0.0
674,3,0.00020833333333333335
674,4,0.000625
675,0,0.000625
675,1,0.007291666666666668
675,2,0.0
675,3,0.0004166666666666667
675,4,0.000625
676,0,0.0
676,1,0.0013541666666666667
676,2,0.0
676,3,0.0
676,4,0.00125
677,0,0.0
677,1,0.0020833333333333333
677,2,0.0
677,3,0.00125
677,4,0.0
678,0,0.000625
678,1,0.001875
678,2,0.0
678,3,0.00020833333333333335
678,4,0.00020833333333333335
679,0,0.0
679,1,0.0020833333333333333
679,2,0.0
679,3,0.0004166666666666667
679,4,0.0021874999999999998
680,0,0.0
680,1,0.0026041666666666665
680,2,0.0
680,3,0.0014583333333333332
680,4,0.0010416666666666667
681,0,0.0
681,1,0.003645833333333333
681,2,0.0
681,3,0.0018750000000000001
681,4,0.00020833333333333335
682,0,0.0020833333333333333
682,1,0.0021874999999999998
682,2,0.0
682,3,0.0015624999999999999
682,4,0.0027083333333333334
683,0,0.0014583333333333332
683,1,0.0027083333333333334
683,2,0.0
683,3,0.000625
683,4,0.0010416666666666667
684,0,0.0
684,1,0.0027083333333333334
684,2,0.0
684,3,0.0004166666666666667
684,4,0.00020833333333333335
685,0,0.0
685,1,0.0014583333333333332
685,2,0.0
685,3,0.00125
685,4,0.001979166666666667
686,0,0.0
686,1,0.0014583333333333334
686,2,0.0
686,3,0.0014583333333333334
686,4,0.0025
687,0,0.0
687,1,0.002395833333333333
687,2,0.0
687,3,0.00020833333333333335
687,4,0.001875
688,0,0.0023958333333333336
688,1,0.0022916666666666667
688,2,0.00020833333333333335
688,3,0.0004166666666666667
688,4,0.0046875
689,0,0.000625
689,1,0.001979166666666667
689,2,0.00020833333333333335
689,3,0.000625
689,4,0.0021875
690,0,0.0
690,1,0.0046875
690,2,0.0
690,3,0.004166666666666667
690,4,0.0011458333333333333
691,0,0.00125
691,1,0.0023958333333333336
691,2,0.0
691,3,0.0014583333333333332
691,4,0.0026041666666666665
692,0,0.000625
692,1,0.0008333333333333334
692,2,0.0
692,3,0.001875
692,4,0.00020833333333333335
693,0,0.0015624999999999999
693,1,0.0004166666666666667
693,2,0.0
693,3,0.0010416666666666667
693,4,0.003645833333333333
694,0,0.0021874999999999998
694,1,0.0028125000000000003
694,2,0.0
694,3,0.0014583333333333332
694,4,0.002916666666666667
695,0,0.0014583333333333334
695,1,0.00125
695,2,0.0
695,3,0.0016666666666666668
695,4,0.00020833333333333335
696,0,0.0008333333333333334
696,1,0.0004166666666666667
696,2,0.0
696,3,0.0008333333333333334
696,4,0.0033333333333333335
697,0,0.0
697,1,0.00125
697,2,0.000625
697,3,0.0004166666666666667
697,4,0.00020833333333333335
698,0,0.0020833333333333333
698,1,0.0013541666666666667
698,2,0.00020833333333333335
698,3,0.00020833333333333335
698,4,0.0016666666666666668
699,0,0.003229166666666667
699,1,0.00125
699,2,0.000625
699,3,0.0014583333333333334
699,4,0.0034375
700,0,0.0030208333333333337
700,1,0.004479166666666667
700,2,0.00020833333333333335
700,3,0.0
700,4,0.0
701,0,0.0
701,1,0.0043749999999999995
701,2,0.0
701,3,0.00020833333333333335
701,4,0.0040625
702,0,0.000625
702,1,0.001875
702,2,0.0
702,3,0.0038541666666666668
702,4,0.004270833333333333
703,0,0.0014583333333333334
703,1,0.004791666666666667
703,2,0.00020833333333333335
703,3,0.0014583333333333332
703,4,0.0027083333333333334
704,0,0.0
704,1,0.001979166666666667
704,2,0.0
704,3,0.00125
704,4,0.0015624999999999999
705,0,0.0014583333333333334
705,1,0.0016666666666666668
705,2,0.0
705,3,0.0030208333333333333
705,4,0.0014583333333333332
706,0,0.0017708333333333335
706,1,0.0031249999999999997
706,2,0.00020833333333333335
706,3,0.00125
706,4,0.0008333333333333334
707,0,0.0004166666666666667
707,1,0.004166666666666667
707,2,0.00020833333333333335
707,3,0.0008333333333333334
707,4,0.003541666666666667
708,0,0.000625
708,1,0.000625
708,2,0.0
708,3,0.0053125
708,4,0.0014583333333333334
709,0,0.0016666666666666668
709,1,0.0013541666666666667
709,2,0.00020833333333333335
709,3,0.00125
709,4,0.0016666666666666668
710,0,0.0
710,1,0.00125
710,2,0.00020833333333333335
710,3,0.0020833333333333333
710,4,0.0
711,0,0.0010416666666666667
711,1,0.000625
711,2,0.0
711,3,0.001875
711,4,0.0020833333333333333
712,0,0.000625
712,1,0.003958333333333334
712,2,0.0
712,3,0.0013541666666666667
712,4,0.004479166666666667
713,0,0.0018750000000000001
713,1,0.0014583333333333332
713,2,0.0
713,3,0.0010416666666666667
713,4,0.002291666666666667
714,0,0.000625
714,1,0.00020833333333333335
714,2,0.0
714,3,0.00020833333333333335
714,4,0.0004166666666666667
715,0,0.00020833333333333335
715,1,0.0014583333333333332
715,2,0.00020833333333333335
715,3,0.0014583333333333334
715,4,0.0011458333333333333
716,0,0.0
716,1,0.0004166666666666667
716,2,0.0
716,3,0.004895833333333333
716,4,0.0026041666666666665
717,0,0.0014583333333333334
717,1,0.001875
717,2,0.00020833333333333335
717,3,0.0028125000000000003
717,4,0.002916666666666667
718,0,0.0
718,1,0.0026041666666666665
718,2,0.00020833333333333335
718,3,0.00125
718,4,0.004166666666666667
719,0,0.0017708333333333335
719,1,0.001979166666666667
719,2,0.00020833333333333335
719,3,0.0004166666666666667
719,4,0.002291666666666667
720,0,0.0
720,1,0.000625
720,2,0.000625
720,3,0.0019791666666666664
720,4,0.00020833333333333335
721,0,0.0
721,1,0.00020833333333333335
721,2,0.0
721,3,0.0030208333333333337
721,4,0.0
722,0,0.000625
722,1,0.0019791666666666664
722,2,0.0
722,3,0.0004166666666666667
722,4,0.0027083333333333334
723,0,0.00125
723,1,0.003958333333333334
723,2,0.0
723,3,0.001875
723,4,0.0008333333333333334
724,0,0.0
724,1,0.0008333333333333334
724,2,0.0
724,3,0.0010416666666666667
724,4,0.0027083333333333334
725,0,0.0017708333333333335
725,1,0.0011458333333333333
725,2,0.0
725,3,0.0004166666666666667
725,4,0.0021874999999999998
